dataset,seed,base,calibration,bin,n,picp,mpiw,crps,disagreement_mean
imdb_wiki,0,xgb_point,marginal,low,1315,0.9429657794676806,36.35574722290039,5.359461650207523,0.6019369959831238
imdb_wiki,0,xgb_point,marginal,mid,1296,0.9621913580246914,36.35574722290039,4.81817722261628,1.26711905002594
imdb_wiki,0,xgb_point,marginal,high,1311,0.9519450800915332,36.35574722290039,5.04076210174005,2.369102954864502
imdb_wiki,0,xgb_point,mondrian_dis,low,1315,0.9429657794676806,36.71131134033203,5.368884460931658,0.6019369959831238
imdb_wiki,0,xgb_point,mondrian_dis,mid,1296,0.9614197530864198,34.998291015625,4.765431001375119,1.26711905002594
imdb_wiki,0,xgb_point,mondrian_dis,high,1311,0.9549961861174676,37.45905303955078,5.081093527204821,2.369102954864502
imdb_wiki,0,xgb_point,weighted_dis,low,1315,0.9429657794676806,36.35574722290039,5.359461650207523,0.6019369959831238
imdb_wiki,0,xgb_point,weighted_dis,mid,1296,0.9621913580246914,36.35574722290039,4.81817722261628,1.26711905002594
imdb_wiki,0,xgb_point,weighted_dis,high,1311,0.9519450800915332,36.35574722290039,5.04076210174005,2.369102954864502
imdb_wiki,0,xgb_point,difficulty_weighted,low,1315,0.9467680608365019,35.94513702392578,5.316149796052624,0.6019369959831238
imdb_wiki,0,xgb_point,difficulty_weighted,mid,1296,0.9529320987654321,32.57383728027344,4.586441949368799,1.26711905002594
imdb_wiki,0,xgb_point,difficulty_weighted,high,1311,0.950419527078566,34.17420959472656,4.8593516764523095,2.369102954864502
imdb_wiki,0,xgb_point,binned_weighted_dis,low,1315,0.9429657794676806,36.35574722290039,5.359461650207523,0.6019369959831238
imdb_wiki,0,xgb_point,binned_weighted_dis,mid,1296,0.9621913580246914,36.35574722290039,4.81817722261628,1.26711905002594
imdb_wiki,0,xgb_point,binned_weighted_dis,high,1311,0.9519450800915332,36.35574722290039,5.04076210174005,2.369102954864502
imdb_wiki,0,xgb_quantile,marginal,low,1315,0.9650190114068441,40.43513870239258,6.042974803627022,0.6019369959831238
imdb_wiki,0,xgb_quantile,marginal,mid,1296,0.9645061728395061,36.785884857177734,5.67163828447288,1.26711905002594
imdb_wiki,0,xgb_quantile,marginal,high,1311,0.9359267734553776,42.44221878051758,7.285994608285498,2.369102954864502
imdb_wiki,0,xgb_quantile,mondrian_dis,low,1315,0.9543726235741445,39.22348403930664,6.020071479867678,0.6019369959831238
imdb_wiki,0,xgb_quantile,mondrian_dis,mid,1296,0.9498456790123457,34.34218978881836,5.638058972251209,1.26711905002594
imdb_wiki,0,xgb_quantile,mondrian_dis,high,1311,0.9588100686498856,47.087467193603516,7.343374938625811,2.369102954864502
imdb_wiki,0,xgb_quantile,weighted_dis,low,1315,0.9536121673003802,38.69222640991211,6.011434868019104,0.6019369959831238
imdb_wiki,0,xgb_quantile,weighted_dis,mid,1296,0.9606481481481481,36.06819534301758,5.660677714860535,1.26711905002594
imdb_wiki,0,xgb_quantile,weighted_dis,high,1311,0.9458428680396643,44.2980842590332,7.2760824775419035,2.369102954864502
imdb_wiki,0,xgb_quantile,difficulty_weighted,low,1315,0.9574144486692016,43.75539779663086,6.28479314175297,0.6019369959831238
imdb_wiki,0,xgb_quantile,difficulty_weighted,mid,1296,0.9652777777777778,41.043479919433594,5.970771775638203,1.26711905002594
imdb_wiki,0,xgb_quantile,difficulty_weighted,high,1311,0.9427917620137299,54.180240631103516,8.050568140489021,2.369102954864502
imdb_wiki,0,xgb_quantile,binned_weighted_dis,low,1315,0.9543726235741445,39.265499114990234,6.020796626309133,0.6019369959831238
imdb_wiki,0,xgb_quantile,binned_weighted_dis,mid,1296,0.9645061728395061,36.764617919921875,5.671257765077937,1.26711905002594
imdb_wiki,0,xgb_quantile,binned_weighted_dis,high,1311,0.9427917620137299,43.82741165161133,7.29683799969017,2.369102954864502
imdb_wiki,0,sourcewise_stack,marginal,low,1315,0.9444866920152091,36.44355392456055,5.381583560334831,0.6019369959831238
imdb_wiki,0,sourcewise_stack,marginal,mid,1296,0.9606481481481481,36.44355392456055,4.873442386819629,1.26711905002594
imdb_wiki,0,sourcewise_stack,marginal,high,1311,0.9511823035850496,36.44355392456055,5.045856348213761,2.369102954864502
imdb_wiki,0,sourcewise_stack,mondrian_dis,low,1315,0.9520912547528517,37.1474609375,5.400241982530069,0.6019369959831238
imdb_wiki,0,sourcewise_stack,mondrian_dis,mid,1296,0.9583333333333334,35.3350830078125,4.830137440458739,1.26711905002594
imdb_wiki,0,sourcewise_stack,mondrian_dis,high,1311,0.9534706331045004,36.8361701965332,5.060133225376636,2.369102954864502
imdb_wiki,0,sourcewise_stack,weighted_dis,low,1315,0.9444866920152091,36.44355392456055,5.381583560334831,0.6019369959831238
imdb_wiki,0,sourcewise_stack,weighted_dis,mid,1296,0.9606481481481481,36.44355392456055,4.873442386819629,1.26711905002594
imdb_wiki,0,sourcewise_stack,weighted_dis,high,1311,0.9511823035850496,36.44355392456055,5.045856348213761,2.369102954864502
imdb_wiki,0,sourcewise_stack,difficulty_weighted,low,1315,0.9498098859315589,36.44588851928711,5.341294810302754,0.6019369959831238
imdb_wiki,0,sourcewise_stack,difficulty_weighted,mid,1296,0.9506172839506173,32.806129455566406,4.653273187375238,1.26711905002594
imdb_wiki,0,sourcewise_stack,difficulty_weighted,high,1311,0.9466056445461479,34.65625762939453,4.891331890969892,2.369102954864502
imdb_wiki,0,sourcewise_stack,binned_weighted_dis,low,1315,0.9444866920152091,36.44355392456055,5.381583560334831,0.6019369959831238
imdb_wiki,0,sourcewise_stack,binned_weighted_dis,mid,1296,0.9606481481481481,36.44355392456055,4.873442386819629,1.26711905002594
imdb_wiki,0,sourcewise_stack,binned_weighted_dis,high,1311,0.9511823035850496,36.44355392456055,5.045856348213761,2.369102954864502
imdb_wiki,0,sourcewise_quantile,marginal,low,1315,0.9779467680608365,47.44536590576172,6.989597014709345,0.6019369959831238
imdb_wiki,0,sourcewise_quantile,marginal,mid,1296,0.9729938271604939,45.92058181762695,7.765724101270054,1.26711905002594
imdb_wiki,0,sourcewise_quantile,marginal,high,1311,0.9221967963386728,49.25557327270508,9.554751889874671,2.369102954864502
imdb_wiki,0,sourcewise_quantile,mondrian_dis,low,1315,0.9619771863117871,44.233009338378906,6.938892982982361,0.6019369959831238
imdb_wiki,0,sourcewise_quantile,mondrian_dis,mid,1296,0.9521604938271605,43.84740447998047,7.777244424168856,1.26711905002594
imdb_wiki,0,sourcewise_quantile,mondrian_dis,high,1311,0.9595728451563692,55.4682502746582,9.493332855940432,2.369102954864502
imdb_wiki,0,sourcewise_quantile,weighted_dis,low,1315,0.9711026615969581,45.504432678222656,6.95426808311586,0.6019369959831238
imdb_wiki,0,sourcewise_quantile,weighted_dis,mid,1296,0.9660493827160493,45.26713180541992,7.766399618035166,1.26711905002594
imdb_wiki,0,sourcewise_quantile,weighted_dis,high,1311,0.9382151029748284,50.814125061035156,9.507317663964077,2.369102954864502
imdb_wiki,0,sourcewise_quantile,difficulty_weighted,low,1315,0.9718631178707224,47.24045944213867,6.994101159955973,0.6019369959831238
imdb_wiki,0,sourcewise_quantile,difficulty_weighted,mid,1296,0.966820987654321,46.107269287109375,7.822505773084909,1.26711905002594
imdb_wiki,0,sourcewise_quantile,difficulty_weighted,high,1311,0.9298245614035088,136.58941650390625,16.585066689980668,2.369102954864502
imdb_wiki,0,sourcewise_quantile,binned_weighted_dis,low,1315,0.9680608365019011,45.19017791748047,6.951081608517778,0.6019369959831238
imdb_wiki,0,sourcewise_quantile,binned_weighted_dis,mid,1296,0.9645061728395061,45.117496490478516,7.768318326919801,1.26711905002594
imdb_wiki,0,sourcewise_quantile,binned_weighted_dis,high,1311,0.9435545385202135,52.00939178466797,9.51260090722173,2.369102954864502
imdb_wiki,1,xgb_point,marginal,low,1299,0.9430331023864511,36.10734939575195,5.405517571978101,0.6112774014472961
imdb_wiki,1,xgb_point,marginal,mid,1356,0.9601769911504425,36.10734558105469,4.904853560069606,1.2937287092208862
imdb_wiki,1,xgb_point,marginal,high,1267,0.9479084451460142,36.10734558105469,4.9470720597894156,2.4369397163391113
imdb_wiki,1,xgb_point,mondrian_dis,low,1299,0.9584295612009238,38.796382904052734,5.478985684500729,0.6112774014472961
imdb_wiki,1,xgb_point,mondrian_dis,mid,1356,0.948377581120944,33.697509765625,4.820742216151754,1.2937287092208862
imdb_wiki,1,xgb_point,mondrian_dis,high,1267,0.9479084451460142,36.16423416137695,4.949165825614992,2.4369397163391113
imdb_wiki,1,xgb_point,weighted_dis,low,1299,0.9430331023864511,36.10734939575195,5.405517571978101,0.6112774014472961
imdb_wiki,1,xgb_point,weighted_dis,mid,1356,0.9601769911504425,36.10734558105469,4.904853560069606,1.2937287092208862
imdb_wiki,1,xgb_point,weighted_dis,high,1267,0.9479084451460142,36.10734558105469,4.9470720597894156,2.4369397163391113
imdb_wiki,1,xgb_point,difficulty_weighted,low,1299,0.9545804464973057,36.9689826965332,5.382673819960217,0.6112774014472961
imdb_wiki,1,xgb_point,difficulty_weighted,mid,1356,0.9550147492625368,33.29425048828125,4.713743449034646,1.2937287092208862
imdb_wiki,1,xgb_point,difficulty_weighted,high,1267,0.9652722967640095,36.428558349609375,4.84320856715037,2.4369397163391113
imdb_wiki,1,xgb_point,binned_weighted_dis,low,1299,0.9430331023864511,36.10734939575195,5.405517571978101,0.6112774014472961
imdb_wiki,1,xgb_point,binned_weighted_dis,mid,1356,0.9601769911504425,36.10734558105469,4.904853560069606,1.2937287092208862
imdb_wiki,1,xgb_point,binned_weighted_dis,high,1267,0.9479084451460142,36.10734558105469,4.9470720597894156,2.4369397163391113
imdb_wiki,1,xgb_quantile,marginal,low,1299,0.9576597382602001,39.10171127319336,6.009714151890762,0.6112774014472961
imdb_wiki,1,xgb_quantile,marginal,mid,1356,0.9638643067846607,35.983219146728516,5.6894899791375915,1.2937287092208862
imdb_wiki,1,xgb_quantile,marginal,high,1267,0.9297553275453828,41.20429611206055,7.2318442922691695,2.4369397163391113
imdb_wiki,1,xgb_quantile,mondrian_dis,low,1299,0.9553502694380293,38.89868927001953,6.006214751310806,0.6112774014472961
imdb_wiki,1,xgb_quantile,mondrian_dis,mid,1356,0.948377581120944,34.29622268676758,5.670644049805364,1.2937287092208862
imdb_wiki,1,xgb_quantile,mondrian_dis,high,1267,0.9502762430939227,44.857276916503906,7.265431154093264,2.4369397163391113
imdb_wiki,1,xgb_quantile,weighted_dis,low,1299,0.9491916859122402,37.705230712890625,5.98836771416876,0.6112774014472961
imdb_wiki,1,xgb_quantile,weighted_dis,mid,1356,0.9631268436578171,35.71533966064453,5.686113992011499,1.2937287092208862
imdb_wiki,1,xgb_quantile,weighted_dis,high,1267,0.9431728492501973,43.65587615966797,7.22108674171538,2.4369397163391113
imdb_wiki,1,xgb_quantile,difficulty_weighted,low,1299,0.9507313317936874,42.418975830078125,6.279066928799761,0.6112774014472961
imdb_wiki,1,xgb_quantile,difficulty_weighted,mid,1356,0.9572271386430679,36.847068786621094,5.745257457291978,1.2937287092208862
imdb_wiki,1,xgb_quantile,difficulty_weighted,high,1267,0.9431728492501973,49.301639556884766,7.611814009920682,2.4369397163391113
imdb_wiki,1,xgb_quantile,binned_weighted_dis,low,1299,0.9468822170900693,37.54421615600586,5.9859889420325185,0.6112774014472961
imdb_wiki,1,xgb_quantile,binned_weighted_dis,mid,1356,0.9638643067846607,35.983219146728516,5.6894899791375915,1.2937287092208862
imdb_wiki,1,xgb_quantile,binned_weighted_dis,high,1267,0.9447513812154696,43.40692901611328,7.2474176293120065,2.4369397163391113
imdb_wiki,1,sourcewise_stack,marginal,low,1299,0.9438029253271748,35.955657958984375,5.40410363816656,0.6112774014472961
imdb_wiki,1,sourcewise_stack,marginal,mid,1356,0.9601769911504425,35.95566177368164,4.918681789804569,1.2937287092208862
imdb_wiki,1,sourcewise_stack,marginal,high,1267,0.9526440410418311,35.955657958984375,4.931408686092964,2.4369397163391113
imdb_wiki,1,sourcewise_stack,mondrian_dis,low,1299,0.9553502694380293,38.838565826416016,5.483197245126267,0.6112774014472961
imdb_wiki,1,sourcewise_stack,mondrian_dis,mid,1356,0.9491150442477876,33.34146499633789,4.828595374700603,1.2937287092208862
imdb_wiki,1,sourcewise_stack,mondrian_dis,high,1267,0.9486977111286503,35.10833740234375,4.900796845925001,2.4369397163391113
imdb_wiki,1,sourcewise_stack,weighted_dis,low,1299,0.930715935334873,33.9821662902832,5.364206305112014,0.6112774014472961
imdb_wiki,1,sourcewise_stack,weighted_dis,mid,1356,0.9579646017699115,35.677188873291016,4.911577900690145,1.2937287092208862
imdb_wiki,1,sourcewise_stack,weighted_dis,high,1267,0.9700078926598263,41.27706527709961,5.130898489420833,2.4369397163391113
imdb_wiki,1,sourcewise_stack,difficulty_weighted,low,1299,0.9499615088529638,36.965362548828125,5.40566377552609,0.6112774014472961
imdb_wiki,1,sourcewise_stack,difficulty_weighted,mid,1356,0.9476401179941003,32.829994201660156,4.720151394362896,1.2937287092208862
imdb_wiki,1,sourcewise_stack,difficulty_weighted,high,1267,0.9597474348855565,35.75200271606445,4.823238738346016,2.4369397163391113
imdb_wiki,1,sourcewise_stack,binned_weighted_dis,low,1299,0.9438029253271748,35.955657958984375,5.40410363816656,0.6112774014472961
imdb_wiki,1,sourcewise_stack,binned_weighted_dis,mid,1356,0.9601769911504425,35.95566177368164,4.918681789804569,1.2937287092208862
imdb_wiki,1,sourcewise_stack,binned_weighted_dis,high,1267,0.9526440410418311,35.955657958984375,4.931408686092964,2.4369397163391113
imdb_wiki,1,sourcewise_quantile,marginal,low,1299,0.9745958429561201,46.471500396728516,6.970612183222878,0.6112774014472961
imdb_wiki,1,sourcewise_quantile,marginal,mid,1356,0.9660766961651918,45.27593231201172,7.753361012697037,1.2937287092208862
imdb_wiki,1,sourcewise_quantile,marginal,high,1267,0.9100236779794791,48.35454559326172,9.571965338986905,2.4369397163391113
imdb_wiki,1,sourcewise_quantile,mondrian_dis,low,1299,0.9591993841416474,43.60335159301758,6.929852584492069,0.6112774014472961
imdb_wiki,1,sourcewise_quantile,mondrian_dis,mid,1356,0.9535398230088495,43.739898681640625,7.763672693056736,1.2937287092208862
imdb_wiki,1,sourcewise_quantile,mondrian_dis,high,1267,0.9526440410418311,53.85216522216797,9.49680221409917,2.4369397163391113
imdb_wiki,1,sourcewise_quantile,weighted_dis,low,1299,0.970746728252502,45.47766876220703,6.953113051003194,0.6112774014472961
imdb_wiki,1,sourcewise_quantile,weighted_dis,mid,1356,0.9623893805309734,44.85942077636719,7.754388127569626,1.2937287092208862
imdb_wiki,1,sourcewise_quantile,weighted_dis,high,1267,0.9273875295974744,49.24099349975586,9.53895090202266,2.4369397163391113
imdb_wiki,1,sourcewise_quantile,difficulty_weighted,low,1299,0.9761354888375674,46.78940963745117,6.997175243590657,0.6112774014472961
imdb_wiki,1,sourcewise_quantile,difficulty_weighted,mid,1356,0.9616519174041298,46.92622756958008,7.901045562190136,1.2937287092208862
imdb_wiki,1,sourcewise_quantile,difficulty_weighted,high,1267,0.925808997632202,61.25176239013672,10.317227682356238,2.4369397163391113
imdb_wiki,1,sourcewise_quantile,binned_weighted_dis,low,1299,0.9699769053117783,45.60132598876953,6.955868633895309,0.6112774014472961
imdb_wiki,1,sourcewise_quantile,binned_weighted_dis,mid,1356,0.9646017699115044,45.09354782104492,7.754132296553864,1.2937287092208862
imdb_wiki,1,sourcewise_quantile,binned_weighted_dis,high,1267,0.9179163378058406,49.14484786987305,9.554900508010432,2.4369397163391113
imdb_wiki,2,xgb_point,marginal,low,1260,0.9428571428571428,35.608768463134766,5.39434172140694,0.5762482285499573
imdb_wiki,2,xgb_point,marginal,mid,1381,0.9594496741491673,35.6087646484375,4.813199460569968,1.242805004119873
imdb_wiki,2,xgb_point,marginal,high,1281,0.9469164715066355,35.6087646484375,4.9351836636397355,2.3655953407287598
imdb_wiki,2,xgb_point,mondrian_dis,low,1260,0.9492063492063492,36.52055740356445,5.416501575093581,0.5762482285499573
imdb_wiki,2,xgb_point,mondrian_dis,mid,1381,0.9565532223026793,34.375858306884766,4.7677205909153715,1.242805004119873
imdb_wiki,2,xgb_point,mondrian_dis,high,1281,0.9516003122560499,36.38493347167969,4.963640134082272,2.3655953407287598
imdb_wiki,2,xgb_point,weighted_dis,low,1260,0.9428571428571428,35.608768463134766,5.39434172140694,0.5762482285499573
imdb_wiki,2,xgb_point,weighted_dis,mid,1381,0.9594496741491673,35.6087646484375,4.813199460569968,1.242805004119873
imdb_wiki,2,xgb_point,weighted_dis,high,1281,0.9469164715066355,35.6087646484375,4.9351836636397355,2.3655953407287598
imdb_wiki,2,xgb_point,difficulty_weighted,low,1260,0.942063492063492,35.992271423339844,5.398539086238547,0.5762482285499573
imdb_wiki,2,xgb_point,difficulty_weighted,mid,1381,0.9522085445329471,32.236785888671875,4.595807450241874,1.242805004119873
imdb_wiki,2,xgb_point,difficulty_weighted,high,1281,0.9570647931303669,34.04963684082031,4.759344100691981,2.3655953407287598
imdb_wiki,2,xgb_point,binned_weighted_dis,low,1260,0.9428571428571428,35.608768463134766,5.39434172140694,0.5762482285499573
imdb_wiki,2,xgb_point,binned_weighted_dis,mid,1381,0.9594496741491673,35.6087646484375,4.813199460569968,1.242805004119873
imdb_wiki,2,xgb_point,binned_weighted_dis,high,1281,0.9469164715066355,35.6087646484375,4.9351836636397355,2.3655953407287598
imdb_wiki,2,xgb_quantile,marginal,low,1260,0.9587301587301588,39.879249572753906,6.145793333310328,0.5762482285499573
imdb_wiki,2,xgb_quantile,marginal,mid,1381,0.9674149167270094,36.51542282104492,5.597894907498687,1.242805004119873
imdb_wiki,2,xgb_quantile,marginal,high,1281,0.9352068696330992,41.627891540527344,7.246177558007535,2.3655953407287598
imdb_wiki,2,xgb_quantile,mondrian_dis,low,1260,0.9468253968253968,38.00505065917969,6.1189776942716705,0.5762482285499573
imdb_wiki,2,xgb_quantile,mondrian_dis,mid,1381,0.9580014482259233,35.09255599975586,5.576225138049819,1.242805004119873
imdb_wiki,2,xgb_quantile,mondrian_dis,high,1281,0.9516003122560499,44.86319351196289,7.276861651542157,2.3655953407287598
imdb_wiki,2,xgb_quantile,weighted_dis,low,1260,0.9523809523809523,38.79460144042969,6.128829006130037,0.5762482285499573
imdb_wiki,2,xgb_quantile,weighted_dis,mid,1381,0.9645184648805214,35.8545036315918,5.5867695223008145,1.242805004119873
imdb_wiki,2,xgb_quantile,weighted_dis,high,1281,0.9414519906323185,42.27433395385742,7.232110962066192,2.3655953407287598
imdb_wiki,2,xgb_quantile,difficulty_weighted,low,1260,0.9492063492063492,42.658775329589844,6.393544802578791,0.5762482285499573
imdb_wiki,2,xgb_quantile,difficulty_weighted,mid,1381,0.9580014482259233,43.295677185058594,6.133446459183365,1.242805004119873
imdb_wiki,2,xgb_quantile,difficulty_weighted,high,1281,0.9445745511319282,50.0671272277832,7.720375659828535,2.3655953407287598
imdb_wiki,2,xgb_quantile,binned_weighted_dis,low,1260,0.9555555555555556,39.56779479980469,6.140614175608734,0.5762482285499573
imdb_wiki,2,xgb_quantile,binned_weighted_dis,mid,1381,0.9674149167270094,36.47311019897461,5.597150041608298,1.242805004119873
imdb_wiki,2,xgb_quantile,binned_weighted_dis,high,1281,0.936768149882904,41.867862701416016,7.247362085755297,2.3655953407287598
imdb_wiki,2,sourcewise_stack,marginal,low,1260,0.9404761904761905,36.40023422241211,5.40579602516842,0.5762482285499573
imdb_wiki,2,sourcewise_stack,marginal,mid,1381,0.9645184648805214,36.400238037109375,4.8920499948126475,1.242805004119873
imdb_wiki,2,sourcewise_stack,marginal,high,1281,0.9578454332552693,36.400238037109375,4.938774785805352,2.3655953407287598
imdb_wiki,2,sourcewise_stack,mondrian_dis,low,1260,0.9436507936507936,37.01392364501953,5.421536964789975,0.5762482285499573
imdb_wiki,2,sourcewise_stack,mondrian_dis,mid,1381,0.9565532223026793,34.85714340209961,4.835029311198821,1.242805004119873
imdb_wiki,2,sourcewise_stack,mondrian_dis,high,1281,0.9601873536299765,38.059539794921875,5.003787029770334,2.3655953407287598
imdb_wiki,2,sourcewise_stack,weighted_dis,low,1260,0.9404761904761905,36.40023422241211,5.40579602516842,0.5762482285499573
imdb_wiki,2,sourcewise_stack,weighted_dis,mid,1381,0.9645184648805214,36.400238037109375,4.8920499948126475,1.242805004119873
imdb_wiki,2,sourcewise_stack,weighted_dis,high,1281,0.9578454332552693,36.400238037109375,4.938774785805352,2.3655953407287598
imdb_wiki,2,sourcewise_stack,difficulty_weighted,low,1260,0.9404761904761905,35.642574310302734,5.362795587082253,0.5762482285499573
imdb_wiki,2,sourcewise_stack,difficulty_weighted,mid,1381,0.944243301955105,32.123497009277344,4.660109172183386,1.242805004119873
imdb_wiki,2,sourcewise_stack,difficulty_weighted,high,1281,0.9562841530054644,34.66572189331055,4.760432567579964,2.3655953407287598
imdb_wiki,2,sourcewise_stack,binned_weighted_dis,low,1260,0.9404761904761905,36.40023422241211,5.40579602516842,0.5762482285499573
imdb_wiki,2,sourcewise_stack,binned_weighted_dis,mid,1381,0.9645184648805214,36.400238037109375,4.8920499948126475,1.242805004119873
imdb_wiki,2,sourcewise_stack,binned_weighted_dis,high,1281,0.9578454332552693,36.400238037109375,4.938774785805352,2.3655953407287598
imdb_wiki,2,sourcewise_quantile,marginal,low,1260,0.973015873015873,46.55601501464844,7.089763553844456,0.5762482285499573
imdb_wiki,2,sourcewise_quantile,marginal,mid,1381,0.9666908037653874,45.25405502319336,7.614083425707642,1.242805004119873
imdb_wiki,2,sourcewise_quantile,marginal,high,1281,0.9086651053864169,48.246177673339844,9.61119557330503,2.3655953407287598
imdb_wiki,2,sourcewise_quantile,mondrian_dis,low,1260,0.9507936507936507,43.454837799072266,7.054157609612805,0.5762482285499573
imdb_wiki,2,sourcewise_quantile,mondrian_dis,mid,1381,0.943519188993483,43.176429748535156,7.6243226168428215,1.242805004119873
imdb_wiki,2,sourcewise_quantile,mondrian_dis,high,1281,0.9539422326307572,54.87953186035156,9.527178329392354,2.3655953407287598
imdb_wiki,2,sourcewise_quantile,weighted_dis,low,1260,0.9642857142857143,45.22710037231445,7.069546164217438,0.5762482285499573
imdb_wiki,2,sourcewise_quantile,weighted_dis,mid,1381,0.9616220130340333,44.71492004394531,7.613774708148444,1.242805004119873
imdb_wiki,2,sourcewise_quantile,weighted_dis,high,1281,0.9242779078844653,49.18912887573242,9.574725285716436,2.3655953407287598
imdb_wiki,2,sourcewise_quantile,difficulty_weighted,low,1260,0.969047619047619,46.239994049072266,7.089597609118518,0.5762482285499573
imdb_wiki,2,sourcewise_quantile,difficulty_weighted,mid,1381,0.9587255611875453,50.297142028808594,8.060665572397674,1.242805004119873
imdb_wiki,2,sourcewise_quantile,difficulty_weighted,high,1281,0.9227166276346604,53.768821716308594,9.807160395960487,2.3655953407287598
imdb_wiki,2,sourcewise_quantile,binned_weighted_dis,low,1260,0.969047619047619,45.69336700439453,7.077153519868467,0.5762482285499573
imdb_wiki,2,sourcewise_quantile,binned_weighted_dis,mid,1381,0.9616220130340333,44.99871826171875,7.614510799335683,1.242805004119873
imdb_wiki,2,sourcewise_quantile,binned_weighted_dis,high,1281,0.9164715066354411,48.849708557128906,9.597492702024772,2.3655953407287598
imdb_wiki,3,xgb_point,marginal,low,1273,0.9418695993715632,35.7158088684082,5.374462777232173,0.6114981770515442
imdb_wiki,3,xgb_point,marginal,mid,1336,0.9625748502994012,35.7158088684082,4.857828652943754,1.2785229682922363
imdb_wiki,3,xgb_point,marginal,high,1313,0.9436405178979437,35.7158088684082,4.93989908181159,2.384333848953247
imdb_wiki,3,xgb_point,mondrian_dis,low,1273,0.9560094265514533,38.8487663269043,5.460171106087942,0.6114981770515442
imdb_wiki,3,xgb_point,mondrian_dis,mid,1336,0.9513473053892215,33.25696563720703,4.774478490068775,1.2785229682922363
imdb_wiki,3,xgb_point,mondrian_dis,high,1313,0.9375476009139375,34.90918731689453,4.9109047823269085,2.384333848953247
imdb_wiki,3,xgb_point,weighted_dis,low,1273,0.9418695993715632,35.7158088684082,5.374462777232173,0.6114981770515442
imdb_wiki,3,xgb_point,weighted_dis,mid,1336,0.9625748502994012,35.7158088684082,4.857828652943754,1.2785229682922363
imdb_wiki,3,xgb_point,weighted_dis,high,1313,0.9436405178979437,35.7158088684082,4.93989908181159,2.384333848953247
imdb_wiki,3,xgb_point,difficulty_weighted,low,1273,0.9497250589159466,36.46632766723633,5.36852323698512,0.6114981770515442
imdb_wiki,3,xgb_point,difficulty_weighted,mid,1336,0.9565868263473054,32.886024475097656,4.702198595427506,1.2785229682922363
imdb_wiki,3,xgb_point,difficulty_weighted,high,1313,0.9466869763899467,34.889984130859375,4.8140992992886495,2.384333848953247
imdb_wiki,3,xgb_point,binned_weighted_dis,low,1273,0.9418695993715632,35.7158088684082,5.374462777232173,0.6114981770515442
imdb_wiki,3,xgb_point,binned_weighted_dis,mid,1336,0.9625748502994012,35.7158088684082,4.857828652943754,1.2785229682922363
imdb_wiki,3,xgb_point,binned_weighted_dis,high,1313,0.9436405178979437,35.7158088684082,4.93989908181159,2.384333848953247
imdb_wiki,3,xgb_quantile,marginal,low,1273,0.9622937941869599,39.62327575683594,6.085843055359482,0.6114981770515442
imdb_wiki,3,xgb_quantile,marginal,mid,1336,0.9603293413173652,36.36084747314453,5.6895284837053,1.2785229682922363
imdb_wiki,3,xgb_quantile,marginal,high,1313,0.9329779131759329,41.56289291381836,7.124869527710565,2.384333848953247
imdb_wiki,3,xgb_quantile,mondrian_dis,low,1273,0.9630793401413983,39.75812911987305,6.08830080521687,0.6114981770515442
imdb_wiki,3,xgb_quantile,mondrian_dis,mid,1336,0.9558383233532934,34.82227325439453,5.671140374756592,1.2785229682922363
imdb_wiki,3,xgb_quantile,mondrian_dis,high,1313,0.952018278750952,44.124900817871094,7.1504882475453595,2.384333848953247
imdb_wiki,3,xgb_quantile,weighted_dis,low,1273,0.9575805184603299,39.104225158691406,6.076998748540635,0.6114981770515442
imdb_wiki,3,xgb_quantile,weighted_dis,mid,1336,0.9595808383233533,36.091182708740234,5.685912355180705,1.2785229682922363
imdb_wiki,3,xgb_quantile,weighted_dis,high,1313,0.9383092155369384,42.10744857788086,7.117415757626476,2.384333848953247
imdb_wiki,3,xgb_quantile,difficulty_weighted,low,1273,0.959937156323645,45.980159759521484,6.587973080685174,0.6114981770515442
imdb_wiki,3,xgb_quantile,difficulty_weighted,mid,1336,0.9528443113772455,37.932857513427734,5.8229792425175555,1.2785229682922363
imdb_wiki,3,xgb_quantile,difficulty_weighted,high,1313,0.9421172886519421,51.86151123046875,7.800830573929578,2.384333848953247
imdb_wiki,3,xgb_quantile,binned_weighted_dis,low,1273,0.9607227022780833,39.3551139831543,6.081112346476634,0.6114981770515442
imdb_wiki,3,xgb_quantile,binned_weighted_dis,mid,1336,0.9603293413173652,36.356422424316406,5.689463563525755,1.2785229682922363
imdb_wiki,3,xgb_quantile,binned_weighted_dis,high,1313,0.9337395277989338,41.835079193115234,7.1266596998622695,2.384333848953247
imdb_wiki,3,sourcewise_stack,marginal,low,1273,0.9457973291437549,36.782684326171875,5.4470284543170555,0.6114981770515442
imdb_wiki,3,sourcewise_stack,marginal,mid,1336,0.9625748502994012,36.782684326171875,4.904088725772497,1.2785229682922363
imdb_wiki,3,sourcewise_stack,marginal,high,1313,0.9512566641279513,36.782684326171875,5.031082362019971,2.384333848953247
imdb_wiki,3,sourcewise_stack,mondrian_dis,low,1273,0.959937156323645,39.27627182006836,5.518173869143195,0.6114981770515442
imdb_wiki,3,sourcewise_stack,mondrian_dis,mid,1336,0.9573353293413174,35.6454963684082,4.8605601977396535,1.2785229682922363
imdb_wiki,3,sourcewise_stack,mondrian_dis,high,1313,0.9482102056359482,35.82422637939453,4.995781361292864,2.384333848953247
imdb_wiki,3,sourcewise_stack,weighted_dis,low,1273,0.9457973291437549,36.782684326171875,5.4470284543170555,0.6114981770515442
imdb_wiki,3,sourcewise_stack,weighted_dis,mid,1336,0.9625748502994012,36.782684326171875,4.904088725772497,1.2785229682922363
imdb_wiki,3,sourcewise_stack,weighted_dis,high,1313,0.9512566641279513,36.782684326171875,5.031082362019971,2.384333848953247
imdb_wiki,3,sourcewise_stack,difficulty_weighted,low,1273,0.9450117831893166,36.155120849609375,5.415606000260075,0.6114981770515442
imdb_wiki,3,sourcewise_stack,difficulty_weighted,mid,1336,0.9468562874251497,32.24236297607422,4.666381914813438,1.2785229682922363
imdb_wiki,3,sourcewise_stack,difficulty_weighted,high,1313,0.9504950495049505,34.62833023071289,4.84383844292622,2.384333848953247
imdb_wiki,3,sourcewise_stack,binned_weighted_dis,low,1273,0.9457973291437549,36.782684326171875,5.4470284543170555,0.6114981770515442
imdb_wiki,3,sourcewise_stack,binned_weighted_dis,mid,1336,0.9625748502994012,36.782684326171875,4.904088725772497,1.2785229682922363
imdb_wiki,3,sourcewise_stack,binned_weighted_dis,high,1313,0.9512566641279513,36.782684326171875,5.031082362019971,2.384333848953247
imdb_wiki,3,sourcewise_quantile,marginal,low,1273,0.9725058915946583,46.95688247680664,7.068273619277761,0.6114981770515442
imdb_wiki,3,sourcewise_quantile,marginal,mid,1336,0.9700598802395209,45.63725662231445,7.696155761293967,1.2785229682922363
imdb_wiki,3,sourcewise_quantile,marginal,high,1313,0.9207920792079208,48.698490142822266,9.52227551051255,2.384333848953247
imdb_wiki,3,sourcewise_quantile,mondrian_dis,low,1273,0.9536527886881383,43.46166229248047,7.021655290247422,0.6114981770515442
imdb_wiki,3,sourcewise_quantile,mondrian_dis,mid,1336,0.9491017964071856,43.73646926879883,7.706580790776222,1.2785229682922363
imdb_wiki,3,sourcewise_quantile,mondrian_dis,high,1313,0.9512566641279513,53.63086700439453,9.458512735808073,2.384333848953247
imdb_wiki,3,sourcewise_quantile,weighted_dis,low,1273,0.9630793401413983,45.20581817626953,7.039542507202134,0.6114981770515442
imdb_wiki,3,sourcewise_quantile,weighted_dis,mid,1336,0.9610778443113772,44.905513763427734,7.698032608541236,1.2785229682922363
imdb_wiki,3,sourcewise_quantile,weighted_dis,high,1313,0.9299314546839299,49.656700134277344,9.486984799044327,2.384333848953247
imdb_wiki,3,sourcewise_quantile,difficulty_weighted,low,1273,0.9662215239591516,49.07444763183594,7.276118341458834,0.6114981770515442
imdb_wiki,3,sourcewise_quantile,difficulty_weighted,mid,1336,0.9670658682634731,45.769287109375,7.7496811581746945,1.2785229682922363
imdb_wiki,3,sourcewise_quantile,difficulty_weighted,high,1313,0.9306930693069307,53.28104782104492,9.726365214926767,2.384333848953247
imdb_wiki,3,sourcewise_quantile,binned_weighted_dis,low,1273,0.9638648860958366,45.315818786621094,7.042217515704549,0.6114981770515442
imdb_wiki,3,sourcewise_quantile,binned_weighted_dis,mid,1336,0.9640718562874252,45.040836334228516,7.698017000429729,1.2785229682922363
imdb_wiki,3,sourcewise_quantile,binned_weighted_dis,high,1313,0.9314546839299315,50.191349029541016,9.49445666700028,2.384333848953247
imdb_wiki,4,xgb_point,marginal,low,1284,0.940809968847352,35.651214599609375,5.407569872315491,0.5969813466072083
imdb_wiki,4,xgb_point,marginal,mid,1335,0.9588014981273408,35.651214599609375,4.760587337280271,1.2531687021255493
imdb_wiki,4,xgb_point,marginal,high,1303,0.9485801995395242,35.651214599609375,4.95016471379381,2.3725619316101074
imdb_wiki,4,xgb_point,mondrian_dis,low,1284,0.9493769470404985,37.520484924316406,5.4557494047162844,0.5969813466072083
imdb_wiki,4,xgb_point,mondrian_dis,mid,1335,0.949063670411985,33.6098747253418,4.686369487423351,1.2531687021255493
imdb_wiki,4,xgb_point,mondrian_dis,high,1303,0.9508825786646201,35.912384033203125,4.959540278396189,2.3725619316101074
imdb_wiki,4,xgb_point,weighted_dis,low,1284,0.940809968847352,35.651214599609375,5.407569872315491,0.5969813466072083
imdb_wiki,4,xgb_point,weighted_dis,mid,1335,0.9588014981273408,35.651214599609375,4.760587337280271,1.2531687021255493
imdb_wiki,4,xgb_point,weighted_dis,high,1303,0.9485801995395242,35.651214599609375,4.95016471379381,2.3725619316101074
imdb_wiki,4,xgb_point,difficulty_weighted,low,1284,0.9400311526479751,36.5788688659668,5.432208864408294,0.5969813466072083
imdb_wiki,4,xgb_point,difficulty_weighted,mid,1335,0.9573033707865168,32.53102111816406,4.567802166283696,1.2531687021255493
imdb_wiki,4,xgb_point,difficulty_weighted,high,1303,0.9577897160399079,35.650394439697266,4.852816994445136,2.3725619316101074
imdb_wiki,4,xgb_point,binned_weighted_dis,low,1284,0.940809968847352,35.651214599609375,5.407569872315491,0.5969813466072083
imdb_wiki,4,xgb_point,binned_weighted_dis,mid,1335,0.9588014981273408,35.651214599609375,4.760587337280271,1.2531687021255493
imdb_wiki,4,xgb_point,binned_weighted_dis,high,1303,0.9485801995395242,35.651214599609375,4.95016471379381,2.3725619316101074
imdb_wiki,4,xgb_quantile,marginal,low,1284,0.9509345794392523,39.00878143310547,6.10342339870467,0.5969813466072083
imdb_wiki,4,xgb_quantile,marginal,mid,1335,0.9617977528089887,35.380306243896484,5.5744547111443,1.2531687021255493
imdb_wiki,4,xgb_quantile,marginal,high,1303,0.9301611665387567,40.784122467041016,7.199444961224383,2.3725619316101074
imdb_wiki,4,xgb_quantile,mondrian_dis,low,1284,0.9509345794392523,38.713619232177734,6.098942889628872,0.5969813466072083
imdb_wiki,4,xgb_quantile,mondrian_dis,mid,1335,0.947565543071161,33.7164421081543,5.5560514962694905,1.2531687021255493
imdb_wiki,4,xgb_quantile,mondrian_dis,high,1303,0.9570222563315426,44.94793701171875,7.2356850800757915,2.3725619316101074
imdb_wiki,4,xgb_quantile,weighted_dis,low,1284,0.9501557632398754,38.50123596191406,6.095975781100461,0.5969813466072083
imdb_wiki,4,xgb_quantile,weighted_dis,mid,1335,0.9595505617977528,35.07197952270508,5.570360335141634,1.2531687021255493
imdb_wiki,4,xgb_quantile,weighted_dis,high,1303,0.9355333844973139,41.148529052734375,7.190984825524215,2.3725619316101074
imdb_wiki,4,xgb_quantile,difficulty_weighted,low,1284,0.9501557632398754,44.566444396972656,6.50836792065691,0.5969813466072083
imdb_wiki,4,xgb_quantile,difficulty_weighted,mid,1335,0.9588014981273408,38.97213363647461,5.850031879778534,1.2531687021255493
imdb_wiki,4,xgb_quantile,difficulty_weighted,high,1303,0.9363008442056792,48.0676155090332,7.577306866520265,2.3725619316101074
imdb_wiki,4,xgb_quantile,binned_weighted_dis,low,1284,0.9509345794392523,38.74811553955078,6.099453108369506,0.5969813466072083
imdb_wiki,4,xgb_quantile,binned_weighted_dis,mid,1335,0.9610486891385768,35.3391227722168,5.57387454918934,1.2531687021255493
imdb_wiki,4,xgb_quantile,binned_weighted_dis,high,1303,0.9316960859554874,40.97314453125,7.199911756227262,2.3725619316101074
imdb_wiki,4,sourcewise_stack,marginal,low,1284,0.9376947040498442,35.543697357177734,5.4432633931283645,0.5969813466072083
imdb_wiki,4,sourcewise_stack,marginal,mid,1335,0.9558052434456928,35.543697357177734,4.801496604126789,1.2531687021255493
imdb_wiki,4,sourcewise_stack,marginal,high,1303,0.9478127398311589,35.543697357177734,4.926290197492773,2.3725619316101074
imdb_wiki,4,sourcewise_stack,mondrian_dis,low,1284,0.9493769470404985,36.981143951416016,5.4780594358275705,0.5969813466072083
imdb_wiki,4,sourcewise_stack,mondrian_dis,mid,1335,0.950561797752809,33.525630950927734,4.727774598981984,1.2531687021255493
imdb_wiki,4,sourcewise_stack,mondrian_dis,high,1303,0.9478127398311589,35.89993667602539,4.9394542283003195,2.3725619316101074
imdb_wiki,4,sourcewise_stack,weighted_dis,low,1284,0.9376947040498442,35.543697357177734,5.4432633931283645,0.5969813466072083
imdb_wiki,4,sourcewise_stack,weighted_dis,mid,1335,0.9558052434456928,35.543697357177734,4.801496604126789,1.2531687021255493
imdb_wiki,4,sourcewise_stack,weighted_dis,high,1303,0.9478127398311589,35.543697357177734,4.926290197492773,2.3725619316101074
imdb_wiki,4,sourcewise_stack,difficulty_weighted,low,1284,0.9283489096573209,35.247257232666016,5.424221033169457,0.5969813466072083
imdb_wiki,4,sourcewise_stack,difficulty_weighted,mid,1335,0.9468164794007491,31.6146297454834,4.594818347925767,1.2531687021255493
imdb_wiki,4,sourcewise_stack,difficulty_weighted,high,1303,0.9562547966231773,34.965858459472656,4.807493889248049,2.3725619316101074
imdb_wiki,4,sourcewise_stack,binned_weighted_dis,low,1284,0.9376947040498442,35.543697357177734,5.4432633931283645,0.5969813466072083
imdb_wiki,4,sourcewise_stack,binned_weighted_dis,mid,1335,0.9558052434456928,35.543697357177734,4.801496604126789,1.2531687021255493
imdb_wiki,4,sourcewise_stack,binned_weighted_dis,high,1303,0.9478127398311589,35.543697357177734,4.926290197492773,2.3725619316101074
imdb_wiki,4,sourcewise_quantile,marginal,low,1284,0.971183800623053,46.4820442199707,7.055335348427386,0.5969813466072083
imdb_wiki,4,sourcewise_quantile,marginal,mid,1335,0.9655430711610486,44.89344024658203,7.718154390214395,1.2531687021255493
imdb_wiki,4,sourcewise_quantile,marginal,high,1303,0.9102072141212586,48.0206184387207,9.60289494992919,2.3725619316101074
imdb_wiki,4,sourcewise_quantile,mondrian_dis,low,1284,0.9540498442367601,43.909297943115234,7.02255903998054,0.5969813466072083
imdb_wiki,4,sourcewise_quantile,mondrian_dis,mid,1335,0.9415730337078652,42.7551155090332,7.736692093648478,1.2531687021255493
imdb_wiki,4,sourcewise_quantile,mondrian_dis,high,1303,0.953184957789716,54.24074935913086,9.517208969005576,2.3725619316101074
imdb_wiki,4,sourcewise_quantile,weighted_dis,low,1284,0.9602803738317757,45.29178237915039,7.037183385972716,0.5969813466072083
imdb_wiki,4,sourcewise_quantile,weighted_dis,mid,1335,0.9602996254681648,44.340057373046875,7.719933414895453,1.2531687021255493
imdb_wiki,4,sourcewise_quantile,weighted_dis,high,1303,0.9171143514965464,48.62648010253906,9.576533514323843,2.3725619316101074
imdb_wiki,4,sourcewise_quantile,difficulty_weighted,low,1284,0.9626168224299065,47.06168746948242,7.128055233317788,0.5969813466072083
imdb_wiki,4,sourcewise_quantile,difficulty_weighted,mid,1335,0.9595505617977528,45.125240325927734,7.776960647534607,1.2531687021255493
imdb_wiki,4,sourcewise_quantile,difficulty_weighted,high,1303,0.9178818112049117,61.592586517333984,10.525749139139538,2.3725619316101074
imdb_wiki,4,sourcewise_quantile,binned_weighted_dis,low,1284,0.9602803738317757,45.036170959472656,7.034677338708068,0.5969813466072083
imdb_wiki,4,sourcewise_quantile,binned_weighted_dis,mid,1335,0.9580524344569289,44.125396728515625,7.7228106549182645,1.2531687021255493
imdb_wiki,4,sourcewise_quantile,binned_weighted_dis,high,1303,0.9186492709132771,48.91291809082031,9.582603712190918,2.3725619316101074
mercari,0,xgb_point,marginal,low,3347,0.9617567971317598,2.3379430770874023,0.32517571378299664,0.24634049832820892
mercari,0,xgb_point,marginal,mid,3422,0.9611338398597311,2.3379433155059814,0.33457207036687325,0.8037312030792236
mercari,0,xgb_point,marginal,high,3231,0.9266480965645311,2.3379433155059814,0.36594626531864066,1.8861660957336426
mercari,0,xgb_point,mondrian_dis,low,3347,0.9566776217508216,2.2482903003692627,0.32224078173555826,0.24634049832820892
mercari,0,xgb_point,mondrian_dis,mid,3422,0.9479836353009936,2.202258348464966,0.33074257747203034,0.8037312030792236
mercari,0,xgb_point,mondrian_dis,high,3231,0.9476942123181678,2.6032683849334717,0.37305776487310616,1.8861660957336426
mercari,0,xgb_point,weighted_dis,low,3347,0.952793546459516,2.202517032623291,0.32085649618865664,0.24634049832820892
mercari,0,xgb_point,weighted_dis,mid,3422,0.9523670368205728,2.2563364505767822,0.3322525231110708,0.8037312030792236
mercari,0,xgb_point,weighted_dis,high,3231,0.9424326833797586,2.5267279148101807,0.3694247474689103,1.8861660957336426
mercari,0,xgb_point,difficulty_weighted,low,3347,0.9524947714371078,2.3655331134796143,0.3266221631617629,0.24634049832820892
mercari,0,xgb_point,difficulty_weighted,mid,3422,0.95645821157218,2.412628650665283,0.3361863043865425,0.8037312030792236
mercari,0,xgb_point,difficulty_weighted,high,3231,0.9374806561436088,2.4581780433654785,0.36663982918050214,1.8861660957336426
mercari,0,xgb_point,binned_weighted_dis,low,3347,0.9566776217508216,2.2482903003692627,0.32224078173555826,0.24634049832820892
mercari,0,xgb_point,binned_weighted_dis,mid,3422,0.9614260666277031,2.3580265045166016,0.3351978496809615,0.8037312030792236
mercari,0,xgb_point,binned_weighted_dis,high,3231,0.9371711544413495,2.4731192588806152,0.369279635277088,1.8861660957336426
mercari,0,xgb_quantile,marginal,low,3347,0.955183746638781,2.4507551193237305,0.373252652196398,0.24634049832820892
mercari,0,xgb_quantile,marginal,mid,3422,0.9541203974284045,2.4722583293914795,0.3822967315741931,0.8037312030792236
mercari,0,xgb_quantile,marginal,high,3231,0.9316001238006809,2.5644168853759766,0.42955337473650557,1.8861660957336426
mercari,0,xgb_quantile,mondrian_dis,low,3347,0.9524947714371078,2.4195494651794434,0.37262747667890506,0.24634049832820892
mercari,0,xgb_quantile,mondrian_dis,mid,3422,0.9447691408533022,2.4181275367736816,0.3813849335355934,0.8037312030792236
mercari,0,xgb_quantile,mondrian_dis,high,3231,0.9421231816774992,2.679940700531006,0.43087808130256233,1.8861660957336426
mercari,0,xgb_quantile,weighted_dis,low,3347,0.9492082461906185,2.3811745643615723,0.3719147892768233,0.24634049832820892
mercari,0,xgb_quantile,weighted_dis,mid,3422,0.9494447691408533,2.4512758255004883,0.3819794629064892,0.8037312030792236
mercari,0,xgb_quantile,weighted_dis,high,3231,0.9461467038068709,2.71002197265625,0.43048883033377666,1.8861660957336426
mercari,0,xgb_quantile,difficulty_weighted,low,3347,0.9560800717060054,2.607971668243408,0.3839736118673865,0.24634049832820892
mercari,0,xgb_quantile,difficulty_weighted,mid,3422,0.9526592635885447,2.6807634830474854,0.39742857254385255,0.8037312030792236
mercari,0,xgb_quantile,difficulty_weighted,high,3231,0.9356236459300526,2.8107192516326904,0.4439262543073563,1.8861660957336426
mercari,0,xgb_quantile,binned_weighted_dis,low,3347,0.955183746638781,2.4507551193237305,0.373252652196398,0.24634049832820892
mercari,0,xgb_quantile,binned_weighted_dis,mid,3422,0.9541203974284045,2.4722583293914795,0.3822967315741931,0.8037312030792236
mercari,0,xgb_quantile,binned_weighted_dis,high,3231,0.9316001238006809,2.5644168853759766,0.42955337473650557,1.8861660957336426
mercari,0,sourcewise_stack,marginal,low,3347,0.9596653719749029,2.340594530105591,0.3270189077866691,0.24634049832820892
mercari,0,sourcewise_stack,marginal,mid,3422,0.9587960257159556,2.340594530105591,0.33458127930369574,0.8037312030792236
mercari,0,sourcewise_stack,marginal,high,3231,0.9319096255029403,2.34059476852417,0.3599336766535225,1.8861660957336426
mercari,0,sourcewise_stack,mondrian_dis,low,3347,0.948013146100986,2.1915860176086426,0.3223236706285135,0.24634049832820892
mercari,0,sourcewise_stack,mondrian_dis,mid,3422,0.9427235534774986,2.1615264415740967,0.3295737995894672,0.8037312030792236
mercari,0,sourcewise_stack,mondrian_dis,high,3231,0.9486227174249459,2.642604112625122,0.3689134361131989,1.8861660957336426
mercari,0,sourcewise_stack,weighted_dis,low,3347,0.9596653719749029,2.340594530105591,0.3270189077866691,0.24634049832820892
mercari,0,sourcewise_stack,weighted_dis,mid,3422,0.9587960257159556,2.340594530105591,0.33458127930369574,0.8037312030792236
mercari,0,sourcewise_stack,weighted_dis,high,3231,0.9319096255029403,2.34059476852417,0.3599336766535225,1.8861660957336426
mercari,0,sourcewise_stack,difficulty_weighted,low,3347,0.9539886465491485,2.3016433715820312,0.3257731940840718,0.24634049832820892
mercari,0,sourcewise_stack,difficulty_weighted,mid,3422,0.9549970777323202,2.3326802253723145,0.3339690814911685,0.8037312030792236
mercari,0,sourcewise_stack,difficulty_weighted,high,3231,0.9374806561436088,2.395324945449829,0.35871786694098445,1.8861660957336426
mercari,0,sourcewise_stack,binned_weighted_dis,low,3347,0.9596653719749029,2.340594530105591,0.3270189077866691,0.24634049832820892
mercari,0,sourcewise_stack,binned_weighted_dis,mid,3422,0.9587960257159556,2.340594530105591,0.33458127930369574,0.8037312030792236
mercari,0,sourcewise_stack,binned_weighted_dis,high,3231,0.9319096255029403,2.34059476852417,0.3599336766535225,1.8861660957336426
mercari,0,sourcewise_quantile,marginal,low,3347,0.9605616970421272,2.4301016330718994,0.3649118855982976,0.24634049832820892
mercari,0,sourcewise_quantile,marginal,mid,3422,0.9544126241963764,2.457077980041504,0.3733710406205147,0.8037312030792236
mercari,0,sourcewise_quantile,marginal,high,3231,0.9328381306097183,2.5257184505462646,0.4169532862991951,1.8861660957336426
mercari,0,sourcewise_quantile,mondrian_dis,low,3347,0.9560800717060054,2.3702118396759033,0.3636106555534699,0.24634049832820892
mercari,0,sourcewise_quantile,mondrian_dis,mid,3422,0.945353594389246,2.3586513996124268,0.3714998298061078,0.8037312030792236
mercari,0,sourcewise_quantile,mondrian_dis,high,3231,0.9489322191272052,2.7298357486724854,0.4203065985211772,1.8861660957336426
mercari,0,sourcewise_quantile,weighted_dis,low,3347,0.957573946818046,2.3887579441070557,0.36399802301837303,0.24634049832820892
mercari,0,sourcewise_quantile,weighted_dis,mid,3422,0.9529514903565166,2.433929681777954,0.37291362695128494,0.8037312030792236
mercari,0,sourcewise_quantile,weighted_dis,high,3231,0.9368616527390901,2.564941644668579,0.4171376573630366,1.8861660957336426
mercari,0,sourcewise_quantile,difficulty_weighted,low,3347,0.9602629220197192,2.445439338684082,0.3661788223167338,0.24634049832820892
mercari,0,sourcewise_quantile,difficulty_weighted,mid,3422,0.9535359438924605,2.468329668045044,0.3746667710386631,0.8037312030792236
mercari,0,sourcewise_quantile,difficulty_weighted,high,3231,0.9350046425255338,2.57709002494812,0.4192138610405877,1.8861660957336426
mercari,0,sourcewise_quantile,binned_weighted_dis,low,3347,0.9572751717956379,2.389345169067383,0.3640095951679484,0.24634049832820892
mercari,0,sourcewise_quantile,binned_weighted_dis,mid,3422,0.9538281706604325,2.4476497173309326,0.3731736603263543,0.8037312030792236
mercari,0,sourcewise_quantile,binned_weighted_dis,high,3231,0.9368616527390901,2.5605945587158203,0.4174059029393305,1.8861660957336426
mercari,1,xgb_point,marginal,low,3367,0.961983961983962,2.340829849243164,0.32678405605052685,0.24385787546634674
mercari,1,xgb_point,marginal,mid,3393,0.959622752726201,2.340829849243164,0.33316371820245255,0.791068434715271
mercari,1,xgb_point,marginal,high,3240,0.9299382716049382,2.340829849243164,0.3594399953701476,1.8903182744979858
mercari,1,xgb_point,mondrian_dis,low,3367,0.9468369468369469,2.1660823822021484,0.3215572814614567,0.24385787546634674
mercari,1,xgb_point,mondrian_dis,mid,3393,0.9537282640730916,2.2552106380462646,0.3305645998343278,0.791068434715271
mercari,1,xgb_point,mondrian_dis,high,3240,0.9521604938271605,2.6457526683807373,0.3684331837038699,1.8903182744979858
mercari,1,xgb_point,weighted_dis,low,3367,0.961983961983962,2.340829849243164,0.32678405605052685,0.24385787546634674
mercari,1,xgb_point,weighted_dis,mid,3393,0.959622752726201,2.340829849243164,0.33316371820245255,0.791068434715271
mercari,1,xgb_point,weighted_dis,high,3240,0.9299382716049382,2.340829849243164,0.3594399953701476,1.8903182744979858
mercari,1,xgb_point,difficulty_weighted,low,3367,0.9548559548559549,2.3084876537323,0.32540758294652794,0.24385787546634674
mercari,1,xgb_point,difficulty_weighted,mid,3393,0.955201886236369,2.318701982498169,0.3309095456449205,0.791068434715271
mercari,1,xgb_point,difficulty_weighted,high,3240,0.9364197530864198,2.385150909423828,0.35820248190644766,1.8903182744979858
mercari,1,xgb_point,binned_weighted_dis,low,3367,0.961983961983962,2.340829849243164,0.32678405605052685,0.24385787546634674
mercari,1,xgb_point,binned_weighted_dis,mid,3393,0.959622752726201,2.340829849243164,0.33316371820245255,0.791068434715271
mercari,1,xgb_point,binned_weighted_dis,high,3240,0.9299382716049382,2.340829849243164,0.3594399953701476,1.8903182744979858
mercari,1,xgb_quantile,marginal,low,3367,0.9572319572319572,2.4588747024536133,0.37292680698510633,0.24385787546634674
mercari,1,xgb_quantile,marginal,mid,3393,0.9572649572649573,2.480404853820801,0.3810485296558749,0.791068434715271
mercari,1,xgb_quantile,marginal,high,3240,0.933641975308642,2.5959479808807373,0.43046337238954935,1.8903182744979858
mercari,1,xgb_quantile,mondrian_dis,low,3367,0.9465399465399466,2.38625168800354,0.3715775234085022,0.24385787546634674
mercari,1,xgb_quantile,mondrian_dis,mid,3393,0.9513704686118479,2.4408159255981445,0.38034445351180246,0.791068434715271
mercari,1,xgb_quantile,mondrian_dis,high,3240,0.9493827160493827,2.7758426666259766,0.4330578850850358,1.8903182744979858
mercari,1,xgb_quantile,weighted_dis,low,3367,0.9518859518859519,2.4260447025299072,0.37228905906911064,0.24385787546634674
mercari,1,xgb_quantile,weighted_dis,mid,3393,0.9549071618037135,2.4592533111572266,0.380655460537441,0.791068434715271
mercari,1,xgb_quantile,weighted_dis,high,3240,0.9385802469135802,2.631880521774292,0.4303681549471456,1.8903182744979858
mercari,1,xgb_quantile,difficulty_weighted,low,3367,0.9560439560439561,2.565479040145874,0.3794844248378802,0.24385787546634674
mercari,1,xgb_quantile,difficulty_weighted,mid,3393,0.9599174771588564,2.6714162826538086,0.39309209980555715,0.791068434715271
mercari,1,xgb_quantile,difficulty_weighted,high,3240,0.9388888888888889,3.0252909660339355,0.45527644493017494,1.8903182744979858
mercari,1,xgb_quantile,binned_weighted_dis,low,3367,0.9557469557469558,2.4451842308044434,0.37265475505411644,0.24385787546634674
mercari,1,xgb_quantile,binned_weighted_dis,mid,3393,0.9572649572649573,2.4799225330352783,0.38103951105302697,0.791068434715271
mercari,1,xgb_quantile,binned_weighted_dis,high,3240,0.9351851851851852,2.6093192100524902,0.4306093900110461,1.8903182744979858
mercari,1,sourcewise_stack,marginal,low,3367,0.9554499554499555,2.3294296264648438,0.32670330093403815,0.24385787546634674
mercari,1,sourcewise_stack,marginal,mid,3393,0.9554966106690245,2.3294296264648438,0.33088412403685274,0.791068434715271
mercari,1,sourcewise_stack,marginal,high,3240,0.9333333333333333,2.3294296264648438,0.3555227849498134,1.8903182744979858
mercari,1,sourcewise_stack,mondrian_dis,low,3367,0.9426789426789427,2.172576427459717,0.3219612831599484,0.24385787546634674
mercari,1,sourcewise_stack,mondrian_dis,mid,3393,0.9528440907751252,2.2837696075439453,0.3294366245357969,0.791068434715271
mercari,1,sourcewise_stack,mondrian_dis,high,3240,0.950925925925926,2.5813181400299072,0.3630096582474271,1.8903182744979858
mercari,1,sourcewise_stack,weighted_dis,low,3367,0.9462429462429462,2.196312427520752,0.3226270627863296,0.24385787546634674
mercari,1,sourcewise_stack,weighted_dis,mid,3393,0.9484232242852932,2.248356580734253,0.3283273340244299,0.791068434715271
mercari,1,sourcewise_stack,weighted_dis,high,3240,0.95,2.5234758853912354,0.3599433886362158,1.8903182744979858
mercari,1,sourcewise_stack,difficulty_weighted,low,3367,0.9524799524799524,2.3319592475891113,0.32702115289943434,0.24385787546634674
mercari,1,sourcewise_stack,difficulty_weighted,mid,3393,0.9540229885057471,2.3343727588653564,0.330660867046306,0.791068434715271
mercari,1,sourcewise_stack,difficulty_weighted,high,3240,0.9416666666666667,2.408999443054199,0.35549827870892664,1.8903182744979858
mercari,1,sourcewise_stack,binned_weighted_dis,low,3367,0.9471339471339472,2.211172103881836,0.32304485819168804,0.24385787546634674
mercari,1,sourcewise_stack,binned_weighted_dis,mid,3393,0.9554966106690245,2.319096088409424,0.33055020301928,0.791068434715271
mercari,1,sourcewise_stack,binned_weighted_dis,high,3240,0.9410493827160494,2.4322891235351562,0.35833406320496364,1.8903182744979858
mercari,1,sourcewise_quantile,marginal,low,3367,0.9578259578259578,2.4185729026794434,0.36460205098327736,0.24385787546634674
mercari,1,sourcewise_quantile,marginal,mid,3393,0.9566755083996463,2.4346017837524414,0.371427490225,0.791068434715271
mercari,1,sourcewise_quantile,marginal,high,3240,0.9339506172839506,2.5285556316375732,0.41430508210918754,1.8903182744979858
mercari,1,sourcewise_quantile,mondrian_dis,low,3367,0.9498069498069498,2.3416872024536133,0.3630662609964502,0.24385787546634674
mercari,1,sourcewise_quantile,mondrian_dis,mid,3393,0.9522546419098143,2.3691883087158203,0.3701635422998962,0.791068434715271
mercari,1,sourcewise_quantile,mondrian_dis,high,3240,0.9478395061728395,2.7084290981292725,0.41743743452849513,1.8903182744979858
mercari,1,sourcewise_quantile,weighted_dis,low,3367,0.9536679536679536,2.373095989227295,0.36366491233095943,0.24385787546634674
mercari,1,sourcewise_quantile,weighted_dis,mid,3393,0.9560860595343353,2.4183297157287598,0.3710807820331488,0.791068434715271
mercari,1,sourcewise_quantile,weighted_dis,high,3240,0.9419753086419753,2.59966778755188,0.4149156775329876,1.8903182744979858
mercari,1,sourcewise_quantile,difficulty_weighted,low,3367,0.9584199584199584,2.5342721939086914,0.37343742081628484,0.24385787546634674
mercari,1,sourcewise_quantile,difficulty_weighted,mid,3393,0.9584438549955792,2.4603111743927,0.37223496692912583,0.791068434715271
mercari,1,sourcewise_quantile,difficulty_weighted,high,3240,0.9358024691358025,2.612151861190796,0.41874041333284434,1.8903182744979858
mercari,1,sourcewise_quantile,binned_weighted_dis,low,3367,0.9548559548559549,2.3885602951049805,0.3639717655204339,0.24385787546634674
mercari,1,sourcewise_quantile,binned_weighted_dis,mid,3393,0.9566755083996463,2.4363889694213867,0.37146464960146114,0.791068434715271
mercari,1,sourcewise_quantile,binned_weighted_dis,high,3240,0.9382716049382716,2.575315237045288,0.41499521366121117,1.8903182744979858
mercari,2,xgb_point,marginal,low,3238,0.9632489190858554,2.346644639968872,0.32560321241425433,0.23867283761501312
mercari,2,xgb_point,marginal,mid,3327,0.9579200480913737,2.346644401550293,0.3301422955621532,0.7895342111587524
mercari,2,xgb_point,marginal,high,3435,0.9283842794759826,2.346644639968872,0.3675811809587272,1.854370355606079
mercari,2,xgb_point,mondrian_dis,low,3238,0.9589252625077208,2.2914206981658936,0.32378354658842323,0.23867283761501312
mercari,2,xgb_point,mondrian_dis,mid,3327,0.9522091974752029,2.2819690704345703,0.32810259204516756,0.7895342111587524
mercari,2,xgb_point,mondrian_dis,high,3435,0.9406113537117904,2.5025811195373535,0.3716293759398035,1.854370355606079
mercari,2,xgb_point,weighted_dis,low,3238,0.9632489190858554,2.346644639968872,0.32560321241425433,0.23867283761501312
mercari,2,xgb_point,weighted_dis,mid,3327,0.9579200480913737,2.346644401550293,0.3301422955621532,0.7895342111587524
mercari,2,xgb_point,weighted_dis,high,3435,0.9283842794759826,2.346644639968872,0.3675811809587272,1.854370355606079
mercari,2,xgb_point,difficulty_weighted,low,3238,0.9607782581840643,2.3268978595733643,0.32462555784413466,0.23867283761501312
mercari,2,xgb_point,difficulty_weighted,mid,3327,0.9561166215810039,2.353315830230713,0.3296525999623685,0.7895342111587524
mercari,2,xgb_point,difficulty_weighted,high,3435,0.9353711790393013,2.429948568344116,0.3679626136537588,1.854370355606079
mercari,2,xgb_point,binned_weighted_dis,low,3238,0.9632489190858554,2.346644639968872,0.32560321241425433,0.23867283761501312
mercari,2,xgb_point,binned_weighted_dis,mid,3327,0.9579200480913737,2.346644401550293,0.3301422955621532,0.7895342111587524
mercari,2,xgb_point,binned_weighted_dis,high,3435,0.9283842794759826,2.346644639968872,0.3675811809587272,1.854370355606079
mercari,2,xgb_quantile,marginal,low,3238,0.9598517603458925,2.501830816268921,0.3753857322421044,0.23867283761501312
mercari,2,xgb_quantile,marginal,mid,3327,0.9645326119627292,2.519315242767334,0.3784789769312298,0.7895342111587524
mercari,2,xgb_quantile,marginal,high,3435,0.9307132459970888,2.6089229583740234,0.4333706353832805,1.854370355606079
mercari,2,xgb_quantile,mondrian_dis,low,3238,0.958616429894997,2.484663248062134,0.37502333216196987,0.23867283761501312
mercari,2,xgb_quantile,mondrian_dis,mid,3327,0.9597234746017433,2.466416120529175,0.3774132490110309,0.7895342111587524
mercari,2,xgb_quantile,mondrian_dis,high,3435,0.9391557496360989,2.6961398124694824,0.43447477446880656,1.854370355606079
mercari,2,xgb_quantile,weighted_dis,low,3238,0.958616429894997,2.4843170642852783,0.37501702396881587,0.23867283761501312
mercari,2,xgb_quantile,weighted_dis,mid,3327,0.9642320408776676,2.5090901851654053,0.3782557006700754,0.7895342111587524
mercari,2,xgb_quantile,weighted_dis,high,3435,0.9336244541484716,2.6354007720947266,0.43338959348256517,1.854370355606079
mercari,2,xgb_quantile,difficulty_weighted,low,3238,0.9570722668313774,2.545511245727539,0.37901273335655106,0.23867283761501312
mercari,2,xgb_quantile,difficulty_weighted,mid,3327,0.9597234746017433,2.6242098808288574,0.3865057344940467,0.7895342111587524
mercari,2,xgb_quantile,difficulty_weighted,high,3435,0.9362445414847161,2.941354990005493,0.4522047367124079,1.854370355606079
mercari,2,xgb_quantile,binned_weighted_dis,low,3238,0.958616429894997,2.484813928604126,0.375026442853427,0.23867283761501312
mercari,2,xgb_quantile,binned_weighted_dis,mid,3327,0.9642320408776676,2.517359733581543,0.37843740358591976,0.7895342111587524
mercari,2,xgb_quantile,binned_weighted_dis,high,3435,0.9321688500727802,2.6227633953094482,0.43352451704857964,1.854370355606079
mercari,2,sourcewise_stack,marginal,low,3238,0.9595429277331686,2.3317298889160156,0.3252533978734765,0.23867283761501312
mercari,2,sourcewise_stack,marginal,mid,3327,0.957619477006312,2.3317298889160156,0.32891167831870644,0.7895342111587524
mercari,2,sourcewise_stack,marginal,high,3435,0.9307132459970888,2.3317298889160156,0.36131146175108114,1.854370355606079
mercari,2,sourcewise_stack,mondrian_dis,low,3238,0.9549104385423101,2.2715814113616943,0.323297726252181,0.23867283761501312
mercari,2,sourcewise_stack,mondrian_dis,mid,3327,0.9519086263901413,2.2531745433807373,0.32643640266055785,0.7895342111587524
mercari,2,sourcewise_stack,mondrian_dis,high,3435,0.9438136826783114,2.494457244873047,0.3657252566409414,1.854370355606079
mercari,2,sourcewise_stack,weighted_dis,low,3238,0.9490426189005559,2.2033023834228516,0.3212450928293577,0.23867283761501312
mercari,2,sourcewise_stack,weighted_dis,mid,3327,0.9522091974752029,2.255427598953247,0.32646999312599456,0.7895342111587524
mercari,2,sourcewise_stack,weighted_dis,high,3435,0.9455604075691412,2.5179147720336914,0.3657759090295655,1.854370355606079
mercari,2,sourcewise_stack,difficulty_weighted,low,3238,0.9555281037677579,2.299717426300049,0.32377123517136513,0.23867283761501312
mercari,2,sourcewise_stack,difficulty_weighted,mid,3327,0.9519086263901413,2.322213888168335,0.3273933295774452,0.7895342111587524
mercari,2,sourcewise_stack,difficulty_weighted,high,3435,0.9353711790393013,2.4144723415374756,0.36192073731416335,1.854370355606079
mercari,2,sourcewise_stack,binned_weighted_dis,low,3238,0.9499691167387276,2.2195374965667725,0.3217100594196439,0.23867283761501312
mercari,2,sourcewise_stack,binned_weighted_dis,mid,3327,0.9573189059212504,2.3278698921203613,0.32878501777370694,0.7895342111587524
mercari,2,sourcewise_stack,binned_weighted_dis,high,3435,0.9397379912663756,2.441490650177002,0.3641913219509088,1.854370355606079
mercari,2,sourcewise_quantile,marginal,low,3238,0.9607782581840643,2.4593629837036133,0.36781462707886114,0.23867283761501312
mercari,2,sourcewise_quantile,marginal,mid,3327,0.9612263300270514,2.476604700088501,0.3717369064874863,0.7895342111587524
mercari,2,sourcewise_quantile,marginal,high,3435,0.9339155749636099,2.5581507682800293,0.4209521065197148,1.854370355606079
mercari,2,sourcewise_quantile,mondrian_dis,low,3238,0.9617047560222359,2.471876382827759,0.3681024329930929,0.23867283761501312
mercari,2,sourcewise_quantile,mondrian_dis,mid,3327,0.9564171926660655,2.4238476753234863,0.3706228322758711,0.7895342111587524
mercari,2,sourcewise_quantile,mondrian_dis,high,3435,0.9374090247452693,2.5977187156677246,0.4215098541810907,1.854370355606079
mercari,2,sourcewise_quantile,weighted_dis,low,3238,0.9549104385423101,2.3624579906463623,0.36581642959418714,0.23867283761501312
mercari,2,sourcewise_quantile,weighted_dis,mid,3327,0.9588217613465585,2.4553329944610596,0.3712317587121867,0.7895342111587524
mercari,2,sourcewise_quantile,weighted_dis,high,3435,0.9464337700145561,2.7052698135375977,0.4228562239870392,1.854370355606079
mercari,2,sourcewise_quantile,difficulty_weighted,low,3238,0.9601605929586164,2.446923017501831,0.3678571596777799,0.23867283761501312
mercari,2,sourcewise_quantile,difficulty_weighted,mid,3327,0.9579200480913737,2.4696054458618164,0.3717958495834188,0.7895342111587524
mercari,2,sourcewise_quantile,difficulty_weighted,high,3435,0.9356622998544396,2.9579062461853027,0.45201299107821663,1.854370355606079
mercari,2,sourcewise_quantile,binned_weighted_dis,low,3238,0.9564546016059295,2.390911817550659,0.366356871714743,0.23867283761501312
mercari,2,sourcewise_quantile,binned_weighted_dis,mid,3327,0.9612263300270514,2.471735954284668,0.3716291698824949,0.7895342111587524
mercari,2,sourcewise_quantile,binned_weighted_dis,high,3435,0.9411935953420669,2.66340970993042,0.42257617658277996,1.854370355606079
mercari,3,xgb_point,marginal,low,3287,0.9604502585944631,2.28578782081604,0.32126408515051535,0.23707887530326843
mercari,3,xgb_point,marginal,mid,3263,0.9528041679436102,2.28578782081604,0.3291615392663296,0.7750805616378784
mercari,3,xgb_point,marginal,high,3450,0.9263768115942029,2.28578782081604,0.3616337845730376,1.850679636001587
mercari,3,xgb_point,mondrian_dis,low,3287,0.9558868268938242,2.204826593399048,0.3187692014003722,0.23707887530326843
mercari,3,xgb_point,mondrian_dis,mid,3263,0.9488201041985903,2.2243876457214355,0.32734786915598785,0.7750805616378784
mercari,3,xgb_point,mondrian_dis,high,3450,0.9440579710144927,2.4960896968841553,0.36689596813363556,1.850679636001587
mercari,3,xgb_point,weighted_dis,low,3287,0.9528445390933983,2.1658928394317627,0.31763992590910084,0.23707887530326843
mercari,3,xgb_point,weighted_dis,mid,3263,0.9472877719889672,2.215120315551758,0.3270759405766958,0.7750805616378784
mercari,3,xgb_point,weighted_dis,high,3450,0.9443478260869566,2.47693133354187,0.3650397516148118,1.850679636001587
mercari,3,xgb_point,difficulty_weighted,low,3287,0.9634925463948889,2.331847906112671,0.3225384925484372,0.23707887530326843
mercari,3,xgb_point,difficulty_weighted,mid,3263,0.9577076310144039,2.344148635864258,0.3299546142560142,0.7750805616378784
mercari,3,xgb_point,difficulty_weighted,high,3450,0.9397101449275362,2.4308979511260986,0.3630203409284902,1.850679636001587
mercari,3,xgb_point,binned_weighted_dis,low,3287,0.9531487678734408,2.1728062629699707,0.31785182713056237,0.23707887530326843
mercari,3,xgb_point,binned_weighted_dis,mid,3263,0.9528041679436102,2.2788584232330322,0.32894994482534184,0.7750805616378784
mercari,3,xgb_point,binned_weighted_dis,high,3450,0.9353623188405797,2.390087127685547,0.3640482763643777,1.850679636001587
mercari,3,xgb_quantile,marginal,low,3287,0.9604502585944631,2.4560623168945312,0.36956734960023413,0.23707887530326843
mercari,3,xgb_quantile,marginal,mid,3263,0.953723567269384,2.4773306846618652,0.3821300023483895,0.7750805616378784
mercari,3,xgb_quantile,marginal,high,3450,0.936231884057971,2.578738212585449,0.4270811955366771,1.850679636001587
mercari,3,xgb_quantile,mondrian_dis,low,3287,0.9592333434742927,2.444028854370117,0.36931856729314766,0.23707887530326843
mercari,3,xgb_quantile,mondrian_dis,mid,3263,0.9475942384308919,2.4182329177856445,0.38113867838099547,0.7750805616378784
mercari,3,xgb_quantile,mondrian_dis,high,3450,0.9443478260869566,2.6825520992279053,0.42843027632734276,1.850679636001587
mercari,3,xgb_quantile,weighted_dis,low,3287,0.9604502585944631,2.4560623168945312,0.36956734960023413,0.23707887530326843
mercari,3,xgb_quantile,weighted_dis,mid,3263,0.953723567269384,2.4773306846618652,0.3821300023483895,0.7750805616378784
mercari,3,xgb_quantile,weighted_dis,high,3450,0.936231884057971,2.578738212585449,0.4270811955366771,1.850679636001587
mercari,3,xgb_quantile,difficulty_weighted,low,3287,0.9613629449345908,2.5167486667633057,0.3727529451884193,0.23707887530326843
mercari,3,xgb_quantile,difficulty_weighted,mid,3263,0.9549494330370825,2.539250373840332,0.38468700475632217,0.7750805616378784
mercari,3,xgb_quantile,difficulty_weighted,high,3450,0.9394202898550724,2.770271062850952,0.43590310107391117,1.850679636001587
mercari,3,xgb_quantile,binned_weighted_dis,low,3287,0.9604502585944631,2.4560623168945312,0.36956734960023413,0.23707887530326843
mercari,3,xgb_quantile,binned_weighted_dis,mid,3263,0.953723567269384,2.4773306846618652,0.3821300023483895,0.7750805616378784
mercari,3,xgb_quantile,binned_weighted_dis,high,3450,0.936231884057971,2.578738212585449,0.4270811955366771,1.850679636001587
mercari,3,sourcewise_stack,marginal,low,3287,0.9580164283541223,2.2932355403900146,0.321845262798956,0.23707887530326843
mercari,3,sourcewise_stack,marginal,mid,3263,0.9595464296659516,2.2932357788085938,0.3268578033971159,0.7750805616378784
mercari,3,sourcewise_stack,marginal,high,3450,0.931304347826087,2.2932355403900146,0.3570327906824204,1.850679636001587
mercari,3,sourcewise_stack,mondrian_dis,low,3287,0.9531487678734408,2.246715784072876,0.32036528239175643,0.23707887530326843
mercari,3,sourcewise_stack,mondrian_dis,mid,3263,0.9454489733374195,2.1677472591400146,0.32312881352603356,0.7750805616378784
mercari,3,sourcewise_stack,mondrian_dis,high,3450,0.9440579710144927,2.4594743251800537,0.3613470265769871,1.850679636001587
mercari,3,sourcewise_stack,weighted_dis,low,3287,0.9580164283541223,2.2932355403900146,0.321845262798956,0.23707887530326843
mercari,3,sourcewise_stack,weighted_dis,mid,3263,0.9595464296659516,2.2932357788085938,0.3268578033971159,0.7750805616378784
mercari,3,sourcewise_stack,weighted_dis,high,3450,0.931304347826087,2.2932355403900146,0.3570327906824204,1.850679636001587
mercari,3,sourcewise_stack,difficulty_weighted,low,3287,0.9543656829936112,2.2847700119018555,0.3218377858462146,0.23707887530326843
mercari,3,sourcewise_stack,difficulty_weighted,mid,3263,0.9524977015016856,2.303318977355957,0.3262210379778942,0.7750805616378784
mercari,3,sourcewise_stack,difficulty_weighted,high,3450,0.9417391304347826,2.3718221187591553,0.3568342930624051,1.850679636001587
mercari,3,sourcewise_stack,binned_weighted_dis,low,3287,0.9580164283541223,2.2932355403900146,0.321845262798956,0.23707887530326843
mercari,3,sourcewise_stack,binned_weighted_dis,mid,3263,0.9595464296659516,2.2932357788085938,0.3268578033971159,0.7750805616378784
mercari,3,sourcewise_stack,binned_weighted_dis,high,3450,0.931304347826087,2.2932355403900146,0.3570327906824204,1.850679636001587
mercari,3,sourcewise_quantile,marginal,low,3287,0.9613629449345908,2.4371001720428467,0.3644862188140385,0.23707887530326843
mercari,3,sourcewise_quantile,marginal,mid,3263,0.9567882316886301,2.4549126625061035,0.3732340024681463,0.7750805616378784
mercari,3,sourcewise_quantile,marginal,high,3450,0.9379710144927537,2.541585922241211,0.4147639552507783,1.850679636001587
mercari,3,sourcewise_quantile,mondrian_dis,low,3287,0.9574079707940372,2.3836684226989746,0.36335445703923885,0.23707887530326843
mercari,3,sourcewise_quantile,mondrian_dis,mid,3263,0.9482071713147411,2.3595895767211914,0.37144241133833117,0.7750805616378784
mercari,3,sourcewise_quantile,mondrian_dis,high,3450,0.9472463768115942,2.6676018238067627,0.4167979058563022,1.850679636001587
mercari,3,sourcewise_quantile,weighted_dis,low,3287,0.9601460298144204,2.416186809539795,0.36402679500979657,0.23707887530326843
mercari,3,sourcewise_quantile,weighted_dis,mid,3263,0.9555623659209317,2.4388155937194824,0.3729006743649549,0.7750805616378784
mercari,3,sourcewise_quantile,weighted_dis,high,3450,0.9382608695652174,2.549204111099243,0.41468970989655124,1.850679636001587
mercari,3,sourcewise_quantile,difficulty_weighted,low,3287,0.9616671737146334,2.4129481315612793,0.3637732938970927,0.23707887530326843
mercari,3,sourcewise_quantile,difficulty_weighted,mid,3263,0.9543365001532332,2.439424753189087,0.37302968038282674,0.7750805616378784
mercari,3,sourcewise_quantile,difficulty_weighted,high,3450,0.9391304347826087,2.5409114360809326,0.4146243190605677,1.850679636001587
mercari,3,sourcewise_quantile,binned_weighted_dis,low,3287,0.9613629449345908,2.4371001720428467,0.3644862188140385,0.23707887530326843
mercari,3,sourcewise_quantile,binned_weighted_dis,mid,3263,0.9567882316886301,2.4549126625061035,0.3732340024681463,0.7750805616378784
mercari,3,sourcewise_quantile,binned_weighted_dis,high,3450,0.9379710144927537,2.541585922241211,0.4147639552507783,1.850679636001587
mercari,4,xgb_point,marginal,low,3353,0.9633164330450343,2.3475191593170166,0.3294235065607678,0.2489086240530014
mercari,4,xgb_point,marginal,mid,3307,0.9549440580586634,2.3475191593170166,0.32983570982426386,0.8065532445907593
mercari,4,xgb_point,marginal,high,3340,0.9365269461077844,2.3475191593170166,0.358427055009708,1.902292251586914
mercari,4,xgb_point,mondrian_dis,low,3353,0.9570533850283328,2.246866226196289,0.3262420769982928,0.2489086240530014
mercari,4,xgb_point,mondrian_dis,mid,3307,0.9495010583610524,2.2708261013031006,0.3274153286127958,0.8065532445907593
mercari,4,xgb_point,mondrian_dis,high,3340,0.9479041916167664,2.521230936050415,0.36318332940021864,1.902292251586914
mercari,4,xgb_point,weighted_dis,low,3353,0.9543692215926036,2.223557949066162,0.3255598639296155,0.2489086240530014
mercari,4,xgb_point,weighted_dis,mid,3307,0.9507106138494104,2.2780792713165283,0.3275309275305948,0.8065532445907593
mercari,4,xgb_point,weighted_dis,high,3340,0.9544910179640719,2.5591349601745605,0.3628859196869435,1.902292251586914
mercari,4,xgb_point,difficulty_weighted,low,3353,0.9552639427378466,2.356764793395996,0.32946232362122846,0.2489086240530014
mercari,4,xgb_point,difficulty_weighted,mid,3307,0.9585727245237375,2.384709119796753,0.33034197245316466,0.8065532445907593
mercari,4,xgb_point,difficulty_weighted,high,3340,0.9458083832335329,2.464477062225342,0.35938635977267747,1.902292251586914
mercari,4,xgb_point,binned_weighted_dis,low,3353,0.955860423501342,2.228708505630493,0.3257083678257936,0.2489086240530014
mercari,4,xgb_point,binned_weighted_dis,mid,3307,0.9537345025703055,2.3374898433685303,0.3295077233916672,0.8065532445907593
mercari,4,xgb_point,binned_weighted_dis,high,3340,0.9452095808383234,2.4515798091888428,0.3611525479630187,1.902292251586914
mercari,4,xgb_quantile,marginal,low,3353,0.959737548464062,2.467764377593994,0.3734771777576238,0.2489086240530014
mercari,4,xgb_quantile,marginal,mid,3307,0.956456002419111,2.4871253967285156,0.37956840733183916,0.8065532445907593
mercari,4,xgb_quantile,marginal,high,3340,0.932934131736527,2.5812957286834717,0.42660616427608,1.902292251586914
mercari,4,xgb_quantile,mondrian_dis,low,3353,0.9516850581568744,2.400738477706909,0.3721648522371167,0.2489086240530014
mercari,4,xgb_quantile,mondrian_dis,mid,3307,0.9525249470819473,2.4422450065612793,0.3787260814575932,0.8065532445907593
mercari,4,xgb_quantile,mondrian_dis,high,3340,0.9452095808383234,2.7041168212890625,0.4282200111257262,1.902292251586914
mercari,4,xgb_quantile,weighted_dis,low,3353,0.9522815389203698,2.406190872192383,0.37226251875035526,0.2489086240530014
mercari,4,xgb_quantile,weighted_dis,mid,3307,0.9531297248261263,2.4551408290863037,0.378901208577118,0.8065532445907593
mercari,4,xgb_quantile,weighted_dis,high,3340,0.9449101796407186,2.6670515537261963,0.4267167130322188,1.902292251586914
mercari,4,xgb_quantile,difficulty_weighted,low,3353,0.9552639427378466,2.7818808555603027,0.3994632971990209,0.2489086240530014
mercari,4,xgb_quantile,difficulty_weighted,mid,3307,0.955246446930753,3.3783323764801025,0.4527539144226244,0.8065532445907593
mercari,4,xgb_quantile,difficulty_weighted,high,3340,0.938622754491018,5.583139419555664,0.6695424282868543,1.902292251586914
mercari,4,xgb_quantile,binned_weighted_dis,low,3353,0.954965702356099,2.430504560470581,0.3727233018544551,0.2489086240530014
mercari,4,xgb_quantile,binned_weighted_dis,mid,3307,0.955851224674932,2.4788706302642822,0.37940686062223183,0.8065532445907593
mercari,4,xgb_quantile,binned_weighted_dis,high,3340,0.9377245508982036,2.605468511581421,0.4268724160693054,1.902292251586914
mercari,4,sourcewise_stack,marginal,low,3353,0.957948106173576,2.342632293701172,0.3308118346324273,0.2489086240530014
mercari,4,sourcewise_stack,marginal,mid,3307,0.95706078016329,2.3426320552825928,0.32745231016687915,0.8065532445907593
mercari,4,sourcewise_stack,marginal,high,3340,0.9341317365269461,2.342632293701172,0.3569316268866396,1.902292251586914
mercari,4,sourcewise_stack,mondrian_dis,low,3353,0.9504920966298837,2.240995168685913,0.3276561592503036,0.2489086240530014
mercari,4,sourcewise_stack,mondrian_dis,mid,3307,0.9549440580586634,2.2949774265289307,0.3258737741667926,0.8065532445907593
mercari,4,sourcewise_stack,mondrian_dis,high,3340,0.9473053892215569,2.529846668243408,0.36226613665745755,1.902292251586914
mercari,4,sourcewise_stack,weighted_dis,low,3353,0.9430360870861915,2.1498429775238037,0.3251532773500059,0.2489086240530014
mercari,4,sourcewise_stack,weighted_dis,mid,3307,0.9522225582098579,2.25309419631958,0.3243853714437919,0.8065532445907593
mercari,4,sourcewise_stack,weighted_dis,high,3340,0.9613772455089821,2.744483232498169,0.36872474196591154,1.902292251586914
mercari,4,sourcewise_stack,difficulty_weighted,low,3353,0.9561586638830898,2.390268325805664,0.3328913134491296,0.2489086240530014
mercari,4,sourcewise_stack,difficulty_weighted,mid,3307,0.955851224674932,2.3999295234680176,0.32941557668688615,0.8065532445907593
mercari,4,sourcewise_stack,difficulty_weighted,high,3340,0.9440119760479042,2.471611261367798,0.35932005939650835,1.902292251586914
mercari,4,sourcewise_stack,binned_weighted_dis,low,3353,0.950193856248136,2.238912582397461,0.32759541682959525,0.2489086240530014
mercari,4,sourcewise_stack,binned_weighted_dis,mid,3307,0.95706078016329,2.348191976547241,0.32764144177556764,0.8065532445907593
mercari,4,sourcewise_stack,binned_weighted_dis,high,3340,0.9446107784431138,2.4628045558929443,0.3602230740672434,1.902292251586914
mercari,4,sourcewise_quantile,marginal,low,3353,0.9594393080823144,2.4160513877868652,0.3657677535855783,0.2489086240530014
mercari,4,sourcewise_quantile,marginal,mid,3307,0.95706078016329,2.4324636459350586,0.3689909906991613,0.8065532445907593
mercari,4,sourcewise_quantile,marginal,high,3340,0.9368263473053893,2.5217983722686768,0.4128224844390878,1.902292251586914
mercari,4,sourcewise_quantile,mondrian_dis,low,3353,0.9504920966298837,2.3333163261413574,0.3641154771898718,0.2489086240530014
mercari,4,sourcewise_quantile,mondrian_dis,mid,3307,0.9491986694889628,2.3612794876098633,0.367576547247904,0.8065532445907593
mercari,4,sourcewise_quantile,mondrian_dis,high,3340,0.9470059880239521,2.6678922176361084,0.41518784349001103,1.902292251586914
mercari,4,sourcewise_quantile,weighted_dis,low,3353,0.957948106173576,2.398106813430786,0.3653836724975137,0.2489086240530014
mercari,4,sourcewise_quantile,weighted_dis,mid,3307,0.9555488358028424,2.420794725418091,0.3687333941744521,0.8065532445907593
mercari,4,sourcewise_quantile,weighted_dis,high,3340,0.9377245508982036,2.5382819175720215,0.4128234892901871,1.902292251586914
mercari,4,sourcewise_quantile,difficulty_weighted,low,3353,0.9570533850283328,2.6602885723114014,0.3871733119036095,0.2489086240530014
mercari,4,sourcewise_quantile,difficulty_weighted,mid,3307,0.9531297248261263,2.6675949096679688,0.38947320854083683,0.8065532445907593
mercari,4,sourcewise_quantile,difficulty_weighted,high,3340,0.9368263473053893,3.136162519454956,0.4629149880397903,1.902292251586914
mercari,4,sourcewise_quantile,binned_weighted_dis,low,3353,0.9525797793021175,2.3519082069396973,0.36446024664041304,0.2489086240530014
mercari,4,sourcewise_quantile,binned_weighted_dis,mid,3307,0.9540368914423949,2.410987138748169,0.3685411041105899,0.8065532445907593
mercari,4,sourcewise_quantile,binned_weighted_dis,high,3340,0.9404191616766467,2.585655689239502,0.41374889370228735,1.902292251586914
pawpularity,0,xgb_point,marginal,low,643,0.9486780715396579,76.21177673339844,10.129142040729441,0.2936628758907318
pawpularity,0,xgb_point,marginal,mid,643,0.9517884914463453,76.21177673339844,10.00040715744088,0.9161893129348755
pawpularity,0,xgb_point,marginal,high,697,0.9311334289813487,76.2117691040039,10.796271482542075,2.0939695835113525
pawpularity,0,xgb_point,mondrian_dis,low,643,0.9471228615863142,75.47493743896484,10.1002017959016,0.2936628758907318
pawpularity,0,xgb_point,mondrian_dis,mid,643,0.926905132192846,63.92265701293945,9.537477070940081,0.9161893129348755
pawpularity,0,xgb_point,mondrian_dis,high,697,0.9540889526542324,86.12934112548828,11.169196993571939,2.0939695835113525
pawpularity,0,xgb_point,weighted_dis,low,643,0.9191290824261276,64.03292083740234,9.714972723594153,0.2936628758907318
pawpularity,0,xgb_point,weighted_dis,mid,643,0.942457231726283,67.87055206298828,9.678364700167208,0.9161893129348755
pawpularity,0,xgb_point,weighted_dis,high,697,0.9555236728837877,85.13187408447266,10.94602117470317,2.0939695835113525
pawpularity,0,xgb_point,difficulty_weighted,low,643,0.9331259720062208,78.12704467773438,10.38221240237678,0.2936628758907318
pawpularity,0,xgb_point,difficulty_weighted,mid,643,0.942457231726283,76.360595703125,10.036611838315554,0.9161893129348755
pawpularity,0,xgb_point,difficulty_weighted,high,697,0.9598278335724534,87.49803161621094,11.068603280642503,2.0939695835113525
pawpularity,0,xgb_point,binned_weighted_dis,low,643,0.8849144634525661,52.06521987915039,9.461388948144629,0.2936628758907318
pawpularity,0,xgb_point,binned_weighted_dis,mid,643,0.9471228615863142,73.63134002685547,9.892281398210137,0.9161893129348755
pawpularity,0,xgb_point,binned_weighted_dis,high,697,0.9842180774748924,104.13044738769531,12.01953812851042,2.0939695835113525
pawpularity,0,xgb_quantile,marginal,low,643,0.9580093312597201,88.48585510253906,14.69292168961935,0.2936628758907318
pawpularity,0,xgb_quantile,marginal,mid,643,0.9533437013996889,88.57527923583984,15.67634765721302,0.9161893129348755
pawpularity,0,xgb_quantile,marginal,high,697,0.9569583931133429,88.7899398803711,16.11250722006222,2.0939695835113525
pawpularity,0,xgb_quantile,mondrian_dis,low,643,0.9455676516329704,87.38114166259766,14.690109132149072,0.2936628758907318
pawpularity,0,xgb_quantile,mondrian_dis,mid,643,0.9315707620528771,87.07044982910156,15.689695088423866,0.9161893129348755
pawpularity,0,xgb_quantile,mondrian_dis,high,697,0.9626972740315638,91.54396057128906,16.085531434661043,2.0939695835113525
pawpularity,0,xgb_quantile,weighted_dis,low,643,0.9580093312597201,88.48585510253906,14.69292168961935,0.2936628758907318
pawpularity,0,xgb_quantile,weighted_dis,mid,643,0.9533437013996889,88.57527923583984,15.67634765721302,0.9161893129348755
pawpularity,0,xgb_quantile,weighted_dis,high,697,0.9569583931133429,88.7899398803711,16.11250722006222,2.0939695835113525
pawpularity,0,xgb_quantile,difficulty_weighted,low,643,0.9580093312597201,88.48585510253906,14.69292168961935,0.2936628758907318
pawpularity,0,xgb_quantile,difficulty_weighted,mid,643,0.9533437013996889,88.57527923583984,15.67634765721302,0.9161893129348755
pawpularity,0,xgb_quantile,difficulty_weighted,high,697,0.9569583931133429,88.7899398803711,16.11250722006222,2.0939695835113525
pawpularity,0,xgb_quantile,binned_weighted_dis,low,643,0.9580093312597201,88.48585510253906,14.69292168961935,0.2936628758907318
pawpularity,0,xgb_quantile,binned_weighted_dis,mid,643,0.9533437013996889,88.57527923583984,15.67634765721302,0.9161893129348755
pawpularity,0,xgb_quantile,binned_weighted_dis,high,697,0.9569583931133429,88.7899398803711,16.11250722006222,2.0939695835113525
pawpularity,0,sourcewise_stack,marginal,low,643,0.9564541213063764,75.333740234375,10.149616915818338,0.2936628758907318
pawpularity,0,sourcewise_stack,marginal,mid,643,0.9517884914463453,75.333740234375,9.98115575943288,0.9161893129348755
pawpularity,0,sourcewise_stack,marginal,high,697,0.9340028694404591,75.33373260498047,10.714290650306491,2.0939695835113525
pawpularity,0,sourcewise_stack,mondrian_dis,low,643,0.9409020217729394,71.22956085205078,9.998839205088402,0.2936628758907318
pawpularity,0,sourcewise_stack,mondrian_dis,mid,643,0.9129082426127527,61.10115051269531,9.472530582199084,0.9161893129348755
pawpularity,0,sourcewise_stack,mondrian_dis,high,697,0.9684361549497847,92.53235626220703,11.403625525274714,2.0939695835113525
pawpularity,0,sourcewise_stack,weighted_dis,low,643,0.9160186625194401,63.491092681884766,9.760870756160488,0.2936628758907318
pawpularity,0,sourcewise_stack,weighted_dis,mid,643,0.9362363919129082,67.29625701904297,9.677744087254862,0.9161893129348755
pawpularity,0,sourcewise_stack,weighted_dis,high,697,0.9598278335724534,84.4115219116211,10.876525905872036,2.0939695835113525
pawpularity,0,sourcewise_stack,difficulty_weighted,low,643,0.9564541213063764,76.4834976196289,10.304649984410625,0.2936628758907318
pawpularity,0,sourcewise_stack,difficulty_weighted,mid,643,0.9455676516329704,74.07742309570312,9.902069149938274,0.9161893129348755
pawpularity,0,sourcewise_stack,difficulty_weighted,high,697,0.9526542324246772,83.3681869506836,10.86240996089165,2.0939695835113525
pawpularity,0,sourcewise_stack,binned_weighted_dis,low,643,0.9097978227060654,60.31914138793945,9.679283504168005,0.2936628758907318
pawpularity,0,sourcewise_stack,binned_weighted_dis,mid,643,0.9502332814930016,73.87554931640625,9.920747540944596,0.9161893129348755
pawpularity,0,sourcewise_stack,binned_weighted_dis,high,697,0.9655667144906743,90.47870635986328,11.310137589544121,2.0939695835113525
pawpularity,0,sourcewise_quantile,marginal,low,643,0.9595645412130638,89.98095703125,14.453627544258111,0.2936628758907318
pawpularity,0,sourcewise_quantile,marginal,mid,643,0.9642301710730948,90.35539245605469,15.312792267667911,0.9161893129348755
pawpularity,0,sourcewise_quantile,marginal,high,697,0.9569583931133429,90.40438842773438,15.84661174385922,2.0939695835113525
pawpularity,0,sourcewise_quantile,mondrian_dis,low,643,0.9595645412130638,89.98095703125,14.453627544258111,0.2936628758907318
pawpularity,0,sourcewise_quantile,mondrian_dis,mid,643,0.9237947122861586,85.5565414428711,15.3361704761726,0.9161893129348755
pawpularity,0,sourcewise_quantile,mondrian_dis,high,697,0.9598278335724534,91.32933807373047,15.841099693089035,2.0939695835113525
pawpularity,0,sourcewise_quantile,weighted_dis,low,643,0.9595645412130638,89.98095703125,14.453627544258111,0.2936628758907318
pawpularity,0,sourcewise_quantile,weighted_dis,mid,643,0.9642301710730948,90.35539245605469,15.312792267667911,0.9161893129348755
pawpularity,0,sourcewise_quantile,weighted_dis,high,697,0.9569583931133429,90.40438842773438,15.84661174385922,2.0939695835113525
pawpularity,0,sourcewise_quantile,difficulty_weighted,low,643,0.9595645412130638,89.98095703125,14.453627544258111,0.2936628758907318
pawpularity,0,sourcewise_quantile,difficulty_weighted,mid,643,0.9642301710730948,90.35539245605469,15.312792267667911,0.9161893129348755
pawpularity,0,sourcewise_quantile,difficulty_weighted,high,697,0.9569583931133429,90.40438842773438,15.84661174385922,2.0939695835113525
pawpularity,0,sourcewise_quantile,binned_weighted_dis,low,643,0.9595645412130638,89.98095703125,14.453627544258111,0.2936628758907318
pawpularity,0,sourcewise_quantile,binned_weighted_dis,mid,643,0.9642301710730948,90.35539245605469,15.312792267667911,0.9161893129348755
pawpularity,0,sourcewise_quantile,binned_weighted_dis,high,697,0.9569583931133429,90.40438842773438,15.84661174385922,2.0939695835113525
pawpularity,1,xgb_point,marginal,low,643,0.9564541213063764,80.3483657836914,10.551554382555144,0.32863491773605347
pawpularity,1,xgb_point,marginal,mid,684,0.9619883040935673,80.3483657836914,9.931658589166878,0.9607404470443726
pawpularity,1,xgb_point,marginal,high,656,0.9390243902439024,80.3483657836914,11.043201878103057,2.1937122344970703
pawpularity,1,xgb_point,mondrian_dis,low,643,0.9455676516329704,73.48846435546875,10.289928646580584,0.32863491773605347
pawpularity,1,xgb_point,mondrian_dis,mid,684,0.9517543859649122,73.4972152709961,9.613749399736598,0.9607404470443726
pawpularity,1,xgb_point,mondrian_dis,high,656,0.9695121951219512,94.76600646972656,11.647385252455324,2.1937122344970703
pawpularity,1,xgb_point,weighted_dis,low,643,0.9455676516329704,72.92640686035156,10.269503013850064,0.32863491773605347
pawpularity,1,xgb_point,weighted_dis,mid,684,0.956140350877193,75.34033203125,9.698765428927306,0.9607404470443726
pawpularity,1,xgb_point,weighted_dis,high,656,0.9649390243902439,87.4576416015625,11.148944576726816,2.1937122344970703
pawpularity,1,xgb_point,difficulty_weighted,low,643,0.9611197511664075,88.65087127685547,11.021389146410094,0.32863491773605347
pawpularity,1,xgb_point,difficulty_weighted,mid,684,0.9590643274853801,85.3227310180664,10.185320575761102,0.9607404470443726
pawpularity,1,xgb_point,difficulty_weighted,high,656,0.9649390243902439,98.8292465209961,11.612940518442583,2.1937122344970703
pawpularity,1,xgb_point,binned_weighted_dis,low,643,0.9409020217729394,70.78887939453125,10.198804803866434,0.32863491773605347
pawpularity,1,xgb_point,binned_weighted_dis,mid,684,0.9619883040935673,79.14436340332031,9.873490986511941,0.9607404470443726
pawpularity,1,xgb_point,binned_weighted_dis,high,656,0.9603658536585366,88.486083984375,11.36634621274533,2.1937122344970703
pawpularity,1,xgb_quantile,marginal,low,643,0.9486780715396579,88.7817611694336,15.04541000774435,0.32863491773605347
pawpularity,1,xgb_quantile,marginal,mid,684,0.9576023391812866,88.84674072265625,15.066142050646924,0.9607404470443726
pawpularity,1,xgb_quantile,marginal,high,656,0.9542682926829268,88.58943176269531,16.28284073516623,2.1937122344970703
pawpularity,1,xgb_quantile,mondrian_dis,low,643,0.9486780715396579,88.7817611694336,15.04541000774435,0.32863491773605347
pawpularity,1,xgb_quantile,mondrian_dis,mid,684,0.9590643274853801,89.46332550048828,15.06620464393597,0.9607404470443726
pawpularity,1,xgb_quantile,mondrian_dis,high,656,0.9679878048780488,93.33192443847656,16.233673634514414,2.1937122344970703
pawpularity,1,xgb_quantile,weighted_dis,low,643,0.9486780715396579,88.7817611694336,15.04541000774435,0.32863491773605347
pawpularity,1,xgb_quantile,weighted_dis,mid,684,0.9576023391812866,88.84674072265625,15.066142050646924,0.9607404470443726
pawpularity,1,xgb_quantile,weighted_dis,high,656,0.9542682926829268,88.58943176269531,16.28284073516623,2.1937122344970703
pawpularity,1,xgb_quantile,difficulty_weighted,low,643,0.9486780715396579,88.7817611694336,15.04541000774435,0.32863491773605347
pawpularity,1,xgb_quantile,difficulty_weighted,mid,684,0.9576023391812866,88.84674072265625,15.066142050646924,0.9607404470443726
pawpularity,1,xgb_quantile,difficulty_weighted,high,656,0.9542682926829268,88.58943176269531,16.28284073516623,2.1937122344970703
pawpularity,1,xgb_quantile,binned_weighted_dis,low,643,0.9486780715396579,88.7817611694336,15.04541000774435,0.32863491773605347
pawpularity,1,xgb_quantile,binned_weighted_dis,mid,684,0.9576023391812866,88.84674072265625,15.066142050646924,0.9607404470443726
pawpularity,1,xgb_quantile,binned_weighted_dis,high,656,0.9542682926829268,88.58943176269531,16.28284073516623,2.1937122344970703
pawpularity,1,sourcewise_stack,marginal,low,643,0.9611197511664075,79.3648452758789,10.491801796625046,0.32863491773605347
pawpularity,1,sourcewise_stack,marginal,mid,684,0.9590643274853801,79.3648452758789,9.840701593883894,0.9607404470443726
pawpularity,1,sourcewise_stack,marginal,high,656,0.9298780487804879,79.36483764648438,11.035419054308901,2.1937122344970703
pawpularity,1,sourcewise_stack,mondrian_dis,low,643,0.9548989113530326,74.54859161376953,10.307293584460952,0.32863491773605347
pawpularity,1,sourcewise_stack,mondrian_dis,mid,684,0.9532163742690059,76.4747314453125,9.703467286590756,0.9607404470443726
pawpularity,1,sourcewise_stack,mondrian_dis,high,656,0.9695121951219512,93.33269500732422,11.596334391490961,2.1937122344970703
pawpularity,1,sourcewise_stack,weighted_dis,low,643,0.9346811819595645,67.78083801269531,10.08275756927461,0.32863491773605347
pawpularity,1,sourcewise_stack,weighted_dis,mid,684,0.9488304093567251,76.04006958007812,9.69379791353361,0.9607404470443726
pawpularity,1,sourcewise_stack,weighted_dis,high,656,0.9847560975609756,109.02766418457031,12.17951995558934,2.1937122344970703
pawpularity,1,sourcewise_stack,difficulty_weighted,low,643,0.9393468118195957,81.70513916015625,10.848060363899101,0.32863491773605347
pawpularity,1,sourcewise_stack,difficulty_weighted,mid,684,0.956140350877193,80.45117950439453,9.966773971247282,0.9607404470443726
pawpularity,1,sourcewise_stack,difficulty_weighted,high,656,0.9664634146341463,94.37126159667969,11.356108285737541,2.1937122344970703
pawpularity,1,sourcewise_stack,binned_weighted_dis,low,643,0.9455676516329704,72.39191436767578,10.231710264339528,0.32863491773605347
pawpularity,1,sourcewise_stack,binned_weighted_dis,mid,684,0.9605263157894737,80.93663787841797,9.91753018756852,0.9607404470443726
pawpularity,1,sourcewise_stack,binned_weighted_dis,high,656,0.9664634146341463,90.4898910522461,11.470802404247538,2.1937122344970703
pawpularity,1,sourcewise_quantile,marginal,low,643,0.9595645412130638,87.77645111083984,13.066712193625111,0.32863491773605347
pawpularity,1,sourcewise_quantile,marginal,mid,684,0.9576023391812866,87.3050308227539,12.863168585549893,0.9607404470443726
pawpularity,1,sourcewise_quantile,marginal,high,656,0.9466463414634146,88.55155944824219,14.504402414375718,2.1937122344970703
pawpularity,1,sourcewise_quantile,mondrian_dis,low,643,0.9237947122861586,75.69910430908203,12.930421547210456,0.32863491773605347
pawpularity,1,sourcewise_quantile,mondrian_dis,mid,684,0.9444444444444444,80.42974090576172,12.749248359438056,0.9607404470443726
pawpularity,1,sourcewise_quantile,mondrian_dis,high,656,0.9679878048780488,91.28616333007812,14.521433147599456,2.1937122344970703
pawpularity,1,sourcewise_quantile,weighted_dis,low,643,0.9409020217729394,82.20675659179688,12.979070941790054,0.32863491773605347
pawpularity,1,sourcewise_quantile,weighted_dis,mid,684,0.9517543859649122,83.6717758178711,12.79308966070543,0.9607404470443726
pawpularity,1,sourcewise_quantile,weighted_dis,high,656,0.9588414634146342,88.69683074951172,14.473206785077032,2.1937122344970703
pawpularity,1,sourcewise_quantile,difficulty_weighted,low,643,0.9471228615863142,89.71414947509766,13.472711118184971,0.32863491773605347
pawpularity,1,sourcewise_quantile,difficulty_weighted,mid,684,0.9546783625730995,87.25273132324219,13.106841453288038,0.9607404470443726
pawpularity,1,sourcewise_quantile,difficulty_weighted,high,656,0.9329268292682927,111.21755981445312,16.502836433887637,2.1937122344970703
pawpularity,1,sourcewise_quantile,binned_weighted_dis,low,643,0.9455676516329704,82.47059631347656,12.981686529445748,0.32863491773605347
pawpularity,1,sourcewise_quantile,binned_weighted_dis,mid,684,0.9517543859649122,83.8426284790039,12.797990591882087,0.9607404470443726
pawpularity,1,sourcewise_quantile,binned_weighted_dis,high,656,0.9573170731707317,89.60469818115234,14.50964245233198,2.1937122344970703
pawpularity,2,xgb_point,marginal,low,643,0.9486780715396579,78.62085723876953,10.640129243360349,0.31168514490127563
pawpularity,2,xgb_point,marginal,mid,677,0.9689807976366323,78.62085723876953,9.561722532915542,0.9021379351615906
pawpularity,2,xgb_point,marginal,high,663,0.9276018099547512,78.62085723876953,11.04051638785508,2.071593761444092
pawpularity,2,xgb_point,mondrian_dis,low,643,0.937791601866252,72.2626724243164,10.412989626144698,0.31168514490127563
pawpularity,2,xgb_point,mondrian_dis,mid,677,0.9586410635155096,73.96282958984375,9.34072934426853,0.9021379351615906
pawpularity,2,xgb_point,mondrian_dis,high,663,0.951734539969834,87.60420227050781,11.38251066797585,2.071593761444092
pawpularity,2,xgb_point,weighted_dis,low,643,0.9362363919129082,70.9312515258789,10.369758901426989,0.31168514490127563
pawpularity,2,xgb_point,weighted_dis,mid,677,0.9571639586410635,73.00961303710938,9.299434743043388,0.9021379351615906
pawpularity,2,xgb_point,weighted_dis,high,663,0.9411764705882353,83.72306060791016,11.11321711767557,2.071593761444092
pawpularity,2,xgb_point,difficulty_weighted,low,643,0.9362363919129082,80.43352508544922,10.8567739779497,0.31168514490127563
pawpularity,2,xgb_point,difficulty_weighted,mid,677,0.9556868537666174,76.52676391601562,9.52121281998126,0.9021379351615906
pawpularity,2,xgb_point,difficulty_weighted,high,663,0.9698340874811463,89.6840591430664,11.03375190471634,2.071593761444092
pawpularity,2,xgb_point,binned_weighted_dis,low,643,0.8989113530326595,62.63543701171875,10.145520344568363,0.31168514490127563
pawpularity,2,xgb_point,binned_weighted_dis,mid,677,0.96602658788774,76.71246337890625,9.469334233677502,0.9021379351615906
pawpularity,2,xgb_point,binned_weighted_dis,high,663,0.9607843137254902,93.95318603515625,11.658124543355784,2.071593761444092
pawpularity,2,xgb_quantile,marginal,low,643,0.9486780715396579,82.59569549560547,11.785597760757959,0.31168514490127563
pawpularity,2,xgb_quantile,marginal,mid,677,0.9689807976366323,80.62268829345703,11.071502676083943,0.9021379351615906
pawpularity,2,xgb_quantile,marginal,high,663,0.9381598793363499,82.91642761230469,12.948165295558907,2.071593761444092
pawpularity,2,xgb_quantile,mondrian_dis,low,643,0.9346811819595645,79.9168472290039,11.715784922020319,0.31168514490127563
pawpularity,2,xgb_quantile,mondrian_dis,mid,677,0.9512555391432792,72.62187194824219,10.862629656197376,0.9021379351615906
pawpularity,2,xgb_quantile,mondrian_dis,high,663,0.9607843137254902,88.23033142089844,13.048414404466703,2.071593761444092
pawpularity,2,xgb_quantile,weighted_dis,low,643,0.9206842923794712,72.47027587890625,11.560002746657778,0.31168514490127563
pawpularity,2,xgb_quantile,weighted_dis,mid,677,0.9556868537666174,75.33637237548828,10.921715998276415,0.9021379351615906
pawpularity,2,xgb_quantile,weighted_dis,high,663,0.9698340874811463,88.01631927490234,12.958817562772865,2.071593761444092
pawpularity,2,xgb_quantile,difficulty_weighted,low,643,0.9284603421461898,1991.089599609375,171.02700588055802,0.31168514490127563
pawpularity,2,xgb_quantile,difficulty_weighted,mid,677,0.9512555391432792,420.5020446777344,39.70543683244812,0.9021379351615906
pawpularity,2,xgb_quantile,difficulty_weighted,high,663,0.9457013574660633,363.1593017578125,35.63922135437437,2.071593761444092
pawpularity,2,xgb_quantile,binned_weighted_dis,low,643,0.9222395023328149,72.44676971435547,11.563733950900012,0.31168514490127563
pawpularity,2,xgb_quantile,binned_weighted_dis,mid,677,0.9556868537666174,75.45378112792969,10.927382754261478,0.9021379351615906
pawpularity,2,xgb_quantile,binned_weighted_dis,high,663,0.9653092006033183,89.9460220336914,13.087963696358404,2.071593761444092
pawpularity,2,sourcewise_stack,marginal,low,643,0.9502332814930016,78.6340103149414,10.663493644406486,0.31168514490127563
pawpularity,2,sourcewise_stack,marginal,mid,677,0.9630723781388478,78.6340103149414,9.580399662816799,0.9021379351615906
pawpularity,2,sourcewise_stack,marginal,high,663,0.9291101055806938,78.63400268554688,11.042831096690376,2.071593761444092
pawpularity,2,sourcewise_stack,mondrian_dis,low,643,0.9362363919129082,73.4285888671875,10.474679673517276,0.31168514490127563
pawpularity,2,sourcewise_stack,mondrian_dis,mid,677,0.9571639586410635,72.2809829711914,9.28501683825284,0.9021379351615906
pawpularity,2,sourcewise_stack,mondrian_dis,high,663,0.9502262443438914,88.6042709350586,11.426161505431134,2.071593761444092
pawpularity,2,sourcewise_stack,weighted_dis,low,643,0.9315707620528771,72.00623321533203,10.426711045323952,0.31168514490127563
pawpularity,2,sourcewise_stack,weighted_dis,mid,677,0.9571639586410635,74.1160888671875,9.369458516306365,0.9021379351615906
pawpularity,2,sourcewise_stack,weighted_dis,high,663,0.9441930618401206,84.99190521240234,11.15109892594383,2.071593761444092
pawpularity,2,sourcewise_stack,difficulty_weighted,low,643,0.942457231726283,75.78854370117188,10.653371252730041,0.31168514490127563
pawpularity,2,sourcewise_stack,difficulty_weighted,mid,677,0.9586410635155096,73.63078308105469,9.397393462179446,0.9021379351615906
pawpularity,2,sourcewise_stack,difficulty_weighted,high,663,0.9577677224736049,83.81130981445312,10.855885790943862,2.071593761444092
pawpularity,2,sourcewise_stack,binned_weighted_dis,low,643,0.9066874027993779,63.02862548828125,10.17499317097782,0.31168514490127563
pawpularity,2,sourcewise_stack,binned_weighted_dis,mid,677,0.9630723781388478,77.19397735595703,9.510938685432977,0.9021379351615906
pawpularity,2,sourcewise_stack,binned_weighted_dis,high,663,0.9607843137254902,94.5429458618164,11.686289704159329,2.071593761444092
pawpularity,2,sourcewise_quantile,marginal,low,643,0.9517884914463453,83.9865493774414,12.279166621478119,0.31168514490127563
pawpularity,2,sourcewise_quantile,marginal,mid,677,0.9645494830132939,83.42598724365234,12.032162681491544,0.9021379351615906
pawpularity,2,sourcewise_quantile,marginal,high,663,0.9260935143288085,85.30834197998047,14.011310968708155,2.071593761444092
pawpularity,2,sourcewise_quantile,mondrian_dis,low,643,0.9455676516329704,80.35897064208984,12.201681445933533,0.31168514490127563
pawpularity,2,sourcewise_quantile,mondrian_dis,mid,677,0.9542097488921714,78.19090270996094,11.924402524235681,0.9021379351615906
pawpularity,2,sourcewise_quantile,mondrian_dis,high,663,0.9577677224736049,90.78386688232422,14.071557981735243,2.071593761444092
pawpularity,2,sourcewise_quantile,weighted_dis,low,643,0.9393468118195957,77.79685974121094,12.153972697798874,0.31168514490127563
pawpularity,2,sourcewise_quantile,weighted_dis,mid,677,0.9571639586410635,80.28236389160156,11.959449700923585,0.9021379351615906
pawpularity,2,sourcewise_quantile,weighted_dis,high,663,0.942684766214178,88.20030212402344,13.989874952154734,2.071593761444092
pawpularity,2,sourcewise_quantile,difficulty_weighted,low,643,0.9486780715396579,207.80462646484375,22.516913921441645,0.31168514490127563
pawpularity,2,sourcewise_quantile,difficulty_weighted,mid,677,0.9571639586410635,227.30947875976562,24.029479608913544,0.9021379351615906
pawpularity,2,sourcewise_quantile,difficulty_weighted,high,663,0.9532428355957768,1834.006591796875,158.58691569065698,2.071593761444092
pawpularity,2,sourcewise_quantile,binned_weighted_dis,low,643,0.9393468118195957,78.25887298583984,12.164343952587567,0.31168514490127563
pawpularity,2,sourcewise_quantile,binned_weighted_dis,mid,677,0.9571639586410635,80.70185852050781,11.971592382563388,0.9021379351615906
pawpularity,2,sourcewise_quantile,binned_weighted_dis,high,663,0.951734539969834,89.94139099121094,14.059707466038954,2.071593761444092
pawpularity,3,xgb_point,marginal,low,640,0.9640625,79.99896240234375,10.073499576644233,0.30286073684692383
pawpularity,3,xgb_point,marginal,mid,593,0.9494097807757167,79.99896240234375,10.306926315145915,0.9234874248504639
pawpularity,3,xgb_point,marginal,high,750,0.9426666666666667,79.99895477294922,10.904660052800361,2.081143379211426
pawpularity,3,xgb_point,mondrian_dis,low,640,0.9640625,79.5526123046875,10.053504031904756,0.30286073684692383
pawpularity,3,xgb_point,mondrian_dis,mid,593,0.9376053962900506,74.74640655517578,10.076688052261156,0.9234874248504639
pawpularity,3,xgb_point,mondrian_dis,high,750,0.9613333333333334,89.22331237792969,11.275100227784135,2.081143379211426
pawpularity,3,xgb_point,weighted_dis,low,640,0.953125,73.01902770996094,9.779137482739909,0.30286073684692383
pawpularity,3,xgb_point,weighted_dis,mid,593,0.9409780775716695,75.27513122558594,10.103441076506616,0.9234874248504639
pawpularity,3,xgb_point,weighted_dis,high,750,0.9626666666666667,86.26639556884766,11.020633204894283,2.081143379211426
pawpularity,3,xgb_point,difficulty_weighted,low,640,0.9578125,83.12176513671875,10.317644568650167,0.30286073684692383
pawpularity,3,xgb_point,difficulty_weighted,mid,593,0.9561551433389545,79.33316802978516,10.25774341428887,0.9234874248504639
pawpularity,3,xgb_point,difficulty_weighted,high,750,0.9506666666666667,93.22237396240234,11.372866378580643,2.081143379211426
pawpularity,3,xgb_point,binned_weighted_dis,low,640,0.9640625,78.71085357666016,10.016201164062668,0.30286073684692383
pawpularity,3,xgb_point,binned_weighted_dis,mid,593,0.9561551433389545,82.5526351928711,10.425279097119953,0.9234874248504639
pawpularity,3,xgb_point,binned_weighted_dis,high,750,0.956,86.58192443847656,11.16265036658963,2.081143379211426
pawpularity,3,xgb_quantile,marginal,low,640,0.9671875,81.32838439941406,10.969460279434529,0.30286073684692383
pawpularity,3,xgb_quantile,marginal,mid,593,0.9409780775716695,79.92357635498047,11.414303918062542,0.9234874248504639
pawpularity,3,xgb_quantile,marginal,high,750,0.9346666666666666,81.7907943725586,12.62335631394262,2.081143379211426
pawpularity,3,xgb_quantile,mondrian_dis,low,640,0.9671875,80.8388442993164,10.952921053716025,0.30286073684692383
pawpularity,3,xgb_quantile,mondrian_dis,mid,593,0.9359190556492412,79.2977066040039,11.39613296981077,0.9234874248504639
pawpularity,3,xgb_quantile,mondrian_dis,high,750,0.9546666666666667,85.5730209350586,12.69677606066426,2.081143379211426
pawpularity,3,xgb_quantile,weighted_dis,low,640,0.9421875,70.1288833618164,10.6605455742098,0.30286073684692383
pawpularity,3,xgb_quantile,weighted_dis,mid,593,0.9409780775716695,78.0365982055664,11.368004995640714,0.9234874248504639
pawpularity,3,xgb_quantile,weighted_dis,high,750,0.9826666666666667,97.28131103515625,12.924513118971726,2.081143379211426
pawpularity,3,xgb_quantile,difficulty_weighted,low,640,0.9578125,451.7587890625,41.785988291964244,0.30286073684692383
pawpularity,3,xgb_quantile,difficulty_weighted,mid,593,0.9527824620573356,247.71414184570312,25.057022455213588,0.9234874248504639
pawpularity,3,xgb_quantile,difficulty_weighted,high,750,0.9466666666666667,7614.05126953125,639.2680727331639,2.081143379211426
pawpularity,3,xgb_quantile,binned_weighted_dis,low,640,0.94375,71.15802001953125,10.680672097201372,0.30286073684692383
pawpularity,3,xgb_quantile,binned_weighted_dis,mid,593,0.9308600337268128,77.84102630615234,11.35532636600996,0.9234874248504639
pawpularity,3,xgb_quantile,binned_weighted_dis,high,750,0.9906666666666667,99.51927185058594,13.104391167671162,2.081143379211426
pawpularity,3,sourcewise_stack,marginal,low,640,0.9640625,80.01490020751953,10.13369350747843,0.30286073684692383
pawpularity,3,sourcewise_stack,marginal,mid,593,0.9426644182124789,80.01490020751953,10.293332607425793,0.9234874248504639
pawpularity,3,sourcewise_stack,marginal,high,750,0.9453333333333334,80.014892578125,11.077248419875396,2.081143379211426
pawpularity,3,sourcewise_stack,mondrian_dis,low,640,0.959375,75.95069122314453,9.964040005585753,0.30286073684692383
pawpularity,3,sourcewise_stack,mondrian_dis,mid,593,0.93929173693086,77.8198013305664,10.195736744897008,0.9234874248504639
pawpularity,3,sourcewise_stack,mondrian_dis,high,750,0.9546666666666667,87.41024017333984,11.361915654720821,2.081143379211426
pawpularity,3,sourcewise_stack,weighted_dis,low,640,0.9578125,75.58281707763672,9.949876656388122,0.30286073684692383
pawpularity,3,sourcewise_stack,weighted_dis,mid,593,0.9409780775716695,77.91812896728516,10.204594367434387,0.9234874248504639
pawpularity,3,sourcewise_stack,weighted_dis,high,750,0.956,89.2953109741211,11.340518211041863,2.081143379211426
pawpularity,3,sourcewise_stack,difficulty_weighted,low,640,0.959375,81.30010986328125,10.283194974884323,0.30286073684692383
pawpularity,3,sourcewise_stack,difficulty_weighted,mid,593,0.9460370994940978,77.59980010986328,10.129991015025041,0.9234874248504639
pawpularity,3,sourcewise_stack,difficulty_weighted,high,750,0.9573333333333334,90.29912567138672,11.33191823438791,2.081143379211426
pawpularity,3,sourcewise_stack,binned_weighted_dis,low,640,0.9640625,80.01490020751953,10.13369350747843,0.30286073684692383
pawpularity,3,sourcewise_stack,binned_weighted_dis,mid,593,0.9426644182124789,80.01490020751953,10.293332607425793,0.9234874248504639
pawpularity,3,sourcewise_stack,binned_weighted_dis,high,750,0.9453333333333334,80.014892578125,11.077248419875396,2.081143379211426
pawpularity,3,sourcewise_quantile,marginal,low,640,0.96875,85.80213928222656,11.861958388630711,0.30286073684692383
pawpularity,3,sourcewise_quantile,marginal,mid,593,0.9443507588532883,86.0228271484375,12.50803008245853,0.9234874248504639
pawpularity,3,sourcewise_quantile,marginal,high,750,0.9426666666666667,87.17050170898438,13.909524677250873,2.081143379211426
pawpularity,3,sourcewise_quantile,mondrian_dis,low,640,0.96875,84.9822769165039,11.838212770966255,0.30286073684692383
pawpularity,3,sourcewise_quantile,mondrian_dis,mid,593,0.9342327150084317,80.69886016845703,12.39737940093748,0.9234874248504639
pawpularity,3,sourcewise_quantile,mondrian_dis,high,750,0.9546666666666667,89.25218963623047,13.934275777705858,2.081143379211426
pawpularity,3,sourcewise_quantile,weighted_dis,low,640,0.965625,82.30935668945312,11.76578558023299,0.30286073684692383
pawpularity,3,sourcewise_quantile,weighted_dis,mid,593,0.9409780775716695,83.40553283691406,12.44947771712806,0.9234874248504639
pawpularity,3,sourcewise_quantile,weighted_dis,high,750,0.9493333333333334,87.97410583496094,13.87049378563675,2.081143379211426
pawpularity,3,sourcewise_quantile,difficulty_weighted,low,640,0.9609375,99.1750259399414,13.174358425953603,0.30286073684692383
pawpularity,3,sourcewise_quantile,difficulty_weighted,mid,593,0.9426644182124789,139.221435546875,17.11325449546181,0.9234874248504639
pawpularity,3,sourcewise_quantile,difficulty_weighted,high,750,0.944,1410.3193359375,123.46443365064115,2.081143379211426
pawpularity,3,sourcewise_quantile,binned_weighted_dis,low,640,0.953125,77.30694580078125,11.65502914925317,0.30286073684692383
pawpularity,3,sourcewise_quantile,binned_weighted_dis,mid,593,0.9342327150084317,81.3597183227539,12.409293617616195,0.9234874248504639
pawpularity,3,sourcewise_quantile,binned_weighted_dis,high,750,0.9666666666666667,91.89404296875,13.973926518066978,2.081143379211426
pawpularity,4,xgb_point,marginal,low,657,0.9619482496194824,82.77166748046875,10.614668829659013,0.3005293309688568
pawpularity,4,xgb_point,marginal,mid,616,0.9675324675324676,82.77167510986328,9.949209783367818,0.9384526014328003
pawpularity,4,xgb_point,marginal,high,710,0.9464788732394366,82.77167510986328,11.089986822522338,2.1526927947998047
pawpularity,4,xgb_point,mondrian_dis,low,657,0.9482496194824962,73.7839126586914,10.254847568639269,0.3005293309688568
pawpularity,4,xgb_point,mondrian_dis,mid,616,0.9415584415584416,68.206787109375,9.285996461745697,0.9384526014328003
pawpularity,4,xgb_point,mondrian_dis,high,710,0.9746478873239437,96.51661682128906,11.685205994189706,2.1526927947998047
pawpularity,4,xgb_point,weighted_dis,low,657,0.9467275494672754,73.58810424804688,10.248347303209387,0.3005293309688568
pawpularity,4,xgb_point,weighted_dis,mid,616,0.952922077922078,75.94762420654297,9.619784447956507,0.9384526014328003
pawpularity,4,xgb_point,weighted_dis,high,710,0.956338028169014,87.81324768066406,11.155106167774061,2.1526927947998047
pawpularity,4,xgb_point,difficulty_weighted,low,657,0.9406392694063926,78.08560180664062,10.650064441783034,0.3005293309688568
pawpularity,4,xgb_point,difficulty_weighted,mid,616,0.9561688311688312,74.385498046875,9.56909736897893,0.9384526014328003
pawpularity,4,xgb_point,difficulty_weighted,high,710,0.9478873239436619,83.72472381591797,10.888899667921255,2.1526927947998047
pawpularity,4,xgb_point,binned_weighted_dis,low,657,0.943683409436834,73.01171112060547,10.227251584441067,0.3005293309688568
pawpularity,4,xgb_point,binned_weighted_dis,mid,616,0.9659090909090909,81.62957763671875,9.892145503763619,0.9384526014328003
pawpularity,4,xgb_point,binned_weighted_dis,high,710,0.967605633802817,91.2646484375,11.442577925757485,2.1526927947998047
pawpularity,4,xgb_quantile,marginal,low,657,0.9528158295281582,89.22290802001953,14.892569204387762,0.3005293309688568
pawpularity,4,xgb_quantile,marginal,mid,616,0.9642857142857143,89.24720764160156,15.038666287331829,0.9384526014328003
pawpularity,4,xgb_quantile,marginal,high,710,0.9436619718309859,88.65153503417969,16.331533680686718,2.1526927947998047
pawpularity,4,xgb_quantile,mondrian_dis,low,657,0.9528158295281582,88.90930938720703,14.891899009517935,0.3005293309688568
pawpularity,4,xgb_quantile,mondrian_dis,mid,616,0.9691558441558441,93.14058685302734,15.051375465153484,0.9384526014328003
pawpularity,4,xgb_quantile,mondrian_dis,high,710,0.9535211267605633,91.20805358886719,16.300708000616538,2.1526927947998047
pawpularity,4,xgb_quantile,weighted_dis,low,657,0.9528158295281582,89.22290802001953,14.892569204387762,0.3005293309688568
pawpularity,4,xgb_quantile,weighted_dis,mid,616,0.9642857142857143,89.24720764160156,15.038666287331829,0.9384526014328003
pawpularity,4,xgb_quantile,weighted_dis,high,710,0.9436619718309859,88.65153503417969,16.331533680686718,2.1526927947998047
pawpularity,4,xgb_quantile,difficulty_weighted,low,657,0.9528158295281582,91.71051788330078,15.073071452810238,0.3005293309688568
pawpularity,4,xgb_quantile,difficulty_weighted,mid,616,0.9642857142857143,89.25606536865234,15.051004755332213,0.9384526014328003
pawpularity,4,xgb_quantile,difficulty_weighted,high,710,0.9436619718309859,92.1748275756836,16.613411400216812,2.1526927947998047
pawpularity,4,xgb_quantile,binned_weighted_dis,low,657,0.9528158295281582,89.22290802001953,14.892569204387762,0.3005293309688568
pawpularity,4,xgb_quantile,binned_weighted_dis,mid,616,0.9642857142857143,89.24720764160156,15.038666287331829,0.9384526014328003
pawpularity,4,xgb_quantile,binned_weighted_dis,high,710,0.9436619718309859,88.65153503417969,16.331533680686718,2.1526927947998047
pawpularity,4,sourcewise_stack,marginal,low,657,0.9649923896499238,81.95101165771484,10.621307607822054,0.3005293309688568
pawpularity,4,sourcewise_stack,marginal,mid,616,0.9626623376623377,81.95100402832031,9.969504942271861,0.9384526014328003
pawpularity,4,sourcewise_stack,marginal,high,710,0.9408450704225352,81.95100402832031,11.280640876400573,2.1526927947998047
pawpularity,4,sourcewise_stack,mondrian_dis,low,657,0.9467275494672754,73.11212921142578,10.282151310986746,0.3005293309688568
pawpularity,4,sourcewise_stack,mondrian_dis,mid,616,0.9448051948051948,69.49883270263672,9.413899536182546,0.9384526014328003
pawpularity,4,sourcewise_stack,mondrian_dis,high,710,0.9704225352112676,95.1879653930664,11.821719399080179,2.1526927947998047
pawpularity,4,sourcewise_stack,weighted_dis,low,657,0.9467275494672754,73.14968872070312,10.284447315443057,0.3005293309688568
pawpularity,4,sourcewise_stack,weighted_dis,mid,616,0.9561688311688312,75.4951400756836,9.667928793907702,0.9384526014328003
pawpularity,4,sourcewise_stack,weighted_dis,high,710,0.9478873239436619,87.29008483886719,11.352556340035752,2.1526927947998047
pawpularity,4,sourcewise_stack,difficulty_weighted,low,657,0.9375951293759512,82.85150146484375,10.89316544537368,0.3005293309688568
pawpularity,4,sourcewise_stack,difficulty_weighted,mid,616,0.9545454545454546,78.5316162109375,9.823545193222829,0.9384526014328003
pawpularity,4,sourcewise_stack,difficulty_weighted,high,710,0.952112676056338,88.69701385498047,11.31301001213685,2.1526927947998047
pawpularity,4,sourcewise_stack,binned_weighted_dis,low,657,0.958904109589041,77.21429443359375,10.430863789669589,0.3005293309688568
pawpularity,4,sourcewise_stack,binned_weighted_dis,mid,616,0.9594155844155844,80.9830322265625,9.922465432841172,0.9384526014328003
pawpularity,4,sourcewise_stack,binned_weighted_dis,high,710,0.9464788732394366,84.93573760986328,11.39169345517548,2.1526927947998047
pawpularity,4,sourcewise_quantile,marginal,low,657,0.958904109589041,90.1326904296875,14.630249568420929,0.3005293309688568
pawpularity,4,sourcewise_quantile,marginal,mid,616,0.9707792207792207,90.28736114501953,14.775781373255741,0.9384526014328003
pawpularity,4,sourcewise_quantile,marginal,high,710,0.956338028169014,90.15799713134766,16.146464747500673,2.1526927947998047
pawpularity,4,sourcewise_quantile,mondrian_dis,low,657,0.9223744292237442,83.71906280517578,14.61862688386925,0.3005293309688568
pawpularity,4,sourcewise_quantile,mondrian_dis,mid,616,0.9756493506493507,92.26836395263672,14.787627467819705,0.9384526014328003
pawpularity,4,sourcewise_quantile,mondrian_dis,high,710,0.9605633802816902,92.12451934814453,16.12946014225193,2.1526927947998047
pawpularity,4,sourcewise_quantile,weighted_dis,low,657,0.958904109589041,90.1326904296875,14.630249568420929,0.3005293309688568
pawpularity,4,sourcewise_quantile,weighted_dis,mid,616,0.9707792207792207,90.28736114501953,14.775781373255741,0.9384526014328003
pawpularity,4,sourcewise_quantile,weighted_dis,high,710,0.956338028169014,90.15799713134766,16.146464747500673,2.1526927947998047
pawpularity,4,sourcewise_quantile,difficulty_weighted,low,657,0.958904109589041,90.1326904296875,14.630249568420929,0.3005293309688568
pawpularity,4,sourcewise_quantile,difficulty_weighted,mid,616,0.9707792207792207,90.28736114501953,14.775781373255741,0.9384526014328003
pawpularity,4,sourcewise_quantile,difficulty_weighted,high,710,0.956338028169014,90.15799713134766,16.146464747500673,2.1526927947998047
pawpularity,4,sourcewise_quantile,binned_weighted_dis,low,657,0.958904109589041,90.1326904296875,14.630249568420929,0.3005293309688568
pawpularity,4,sourcewise_quantile,binned_weighted_dis,mid,616,0.9707792207792207,90.28736114501953,14.775781373255741,0.9384526014328003
pawpularity,4,sourcewise_quantile,binned_weighted_dis,high,710,0.956338028169014,90.15799713134766,16.146464747500673,2.1526927947998047
sred,0,xgb_point,marginal,low,381,0.968503937007874,0.5278196334838867,0.06805457318523891,0.5046155452728271
sred,0,xgb_point,marginal,mid,379,0.9683377308707124,0.5278196334838867,0.07012411064865058,1.1019631624221802
sred,0,xgb_point,marginal,high,349,0.8968481375358166,0.5278196334838867,0.08852111670098683,2.1660656929016113
sred,0,xgb_point,mondrian_dis,low,381,0.9606299212598425,0.4837942123413086,0.06628850141938485,0.5046155452728271
sred,0,xgb_point,mondrian_dis,mid,379,0.941952506596306,0.46337223052978516,0.0680094151882533,1.1019631624221802
sred,0,xgb_point,mondrian_dis,high,349,0.9255014326647565,0.6275854110717773,0.09113570376551682,2.1660656929016113
sred,0,xgb_point,weighted_dis,low,381,0.926509186351706,0.4175044298171997,0.06411036366019297,0.5046155452728271
sred,0,xgb_point,weighted_dis,mid,379,0.9498680738786279,0.47363579273223877,0.06814656646941593,1.1019631624221802
sred,0,xgb_point,weighted_dis,high,349,0.9340974212034384,0.6450001001358032,0.09158294784157239,2.1660656929016113
sred,0,xgb_point,difficulty_weighted,low,381,0.9501312335958005,0.5306532382965088,0.06876614991594239,0.5046155452728271
sred,0,xgb_point,difficulty_weighted,mid,379,0.9551451187335093,0.5448483824729919,0.07169002587715065,1.1019631624221802
sred,0,xgb_point,difficulty_weighted,high,349,0.8911174785100286,0.5793405175209045,0.09054253785820075,2.1660656929016113
sred,0,xgb_point,binned_weighted_dis,low,381,0.9238845144356955,0.418121337890625,0.0641972863805857,0.5046155452728271
sred,0,xgb_point,binned_weighted_dis,mid,379,0.9630606860158312,0.5120916366577148,0.06954744187478967,1.1019631624221802
sred,0,xgb_point,binned_weighted_dis,high,349,0.9255014326647565,0.6271820068359375,0.09112282030975535,2.1660656929016113
sred,0,xgb_quantile,marginal,low,381,0.979002624671916,0.7836843729019165,0.09525558839358383,0.5046155452728271
sred,0,xgb_quantile,marginal,mid,379,0.9709762532981531,0.794064462184906,0.10706055949075216,1.1019631624221802
sred,0,xgb_quantile,marginal,high,349,0.8939828080229226,0.8864927887916565,0.1553329857816548,2.1660656929016113
sred,0,xgb_quantile,mondrian_dis,low,381,0.9763779527559056,0.7411247491836548,0.09330855083163626,0.5046155452728271
sred,0,xgb_quantile,mondrian_dis,mid,379,0.9155672823218998,0.6619806289672852,0.10334279087950143,1.1019631624221802
sred,0,xgb_quantile,mondrian_dis,high,349,0.9340974212034384,1.0360432863235474,0.1583410135121236,2.1660656929016113
sred,0,xgb_quantile,weighted_dis,low,381,0.9658792650918635,0.6972071528434753,0.09143499551793023,0.5046155452728271
sred,0,xgb_quantile,weighted_dis,mid,379,0.9577836411609498,0.758337676525116,0.10566598071883689,1.1019631624221802
sred,0,xgb_quantile,weighted_dis,high,349,0.9197707736389685,0.962767481803894,0.1551024039617203,2.1660656929016113
sred,0,xgb_quantile,difficulty_weighted,low,381,0.9763779527559056,0.9048376083374023,0.10580710490621653,0.5046155452728271
sred,0,xgb_quantile,difficulty_weighted,mid,379,0.9340369393139841,1.4207918643951416,0.16186311423148983,1.1019631624221802
sred,0,xgb_quantile,difficulty_weighted,high,349,0.8968481375358166,1.1903208494186401,0.1754481821865907,2.1660656929016113
sred,0,xgb_quantile,binned_weighted_dis,low,381,0.979002624671916,0.7836843729019165,0.09525558839358383,0.5046155452728271
sred,0,xgb_quantile,binned_weighted_dis,mid,379,0.9709762532981531,0.794064462184906,0.10706055949075216,1.1019631624221802
sred,0,xgb_quantile,binned_weighted_dis,high,349,0.8939828080229226,0.8864927887916565,0.1553329857816548,2.1660656929016113
sred,0,sourcewise_stack,marginal,low,381,0.9658792650918635,0.5025663375854492,0.06515809390454497,0.5046155452728271
sred,0,sourcewise_stack,marginal,mid,379,0.9525065963060686,0.502566397190094,0.06825786591345713,1.1019631624221802
sred,0,sourcewise_stack,marginal,high,349,0.9025787965616046,0.502566397190094,0.084952114534038,2.1660656929016113
sred,0,sourcewise_stack,mondrian_dis,low,381,0.937007874015748,0.42703914642333984,0.06236596379378041,0.5046155452728271
sred,0,sourcewise_stack,mondrian_dis,mid,379,0.9498680738786279,0.46460628509521484,0.06699536045978303,1.1019631624221802
sred,0,sourcewise_stack,mondrian_dis,high,349,0.9340974212034384,0.5824069976806641,0.08655642740407127,2.1660656929016113
sred,0,sourcewise_stack,weighted_dis,low,381,0.937007874015748,0.4341621398925781,0.06257787418911298,0.5046155452728271
sred,0,sourcewise_stack,weighted_dis,mid,379,0.9498680738786279,0.45059195160865784,0.0665086073991845,1.1019631624221802
sred,0,sourcewise_stack,weighted_dis,high,349,0.8968481375358166,0.5107108950614929,0.0847436045641124,2.1660656929016113
sred,0,sourcewise_stack,difficulty_weighted,low,381,0.9553805774278216,0.513235867023468,0.06642655090324345,0.5046155452728271
sred,0,sourcewise_stack,difficulty_weighted,mid,379,0.9577836411609498,0.5270784497261047,0.06999417781520709,1.1019631624221802
sred,0,sourcewise_stack,difficulty_weighted,high,349,0.9169054441260746,0.5588045716285706,0.0858044979294106,2.1660656929016113
sred,0,sourcewise_stack,binned_weighted_dis,low,381,0.952755905511811,0.4669456481933594,0.06373636154042184,0.5046155452728271
sred,0,sourcewise_stack,binned_weighted_dis,mid,379,0.9525065963060686,0.4897365868091583,0.06780602289970235,1.1019631624221802
sred,0,sourcewise_stack,binned_weighted_dis,high,349,0.9083094555873925,0.5136404633522034,0.08511360785895322,2.1660656929016113
sred,0,sourcewise_quantile,marginal,low,381,0.9816272965879265,0.7674448490142822,0.09392215849854078,0.5046155452728271
sred,0,sourcewise_quantile,marginal,mid,379,0.9630606860158312,0.7811073064804077,0.1038992481432214,1.1019631624221802
sred,0,sourcewise_quantile,marginal,high,349,0.8681948424068768,0.829052746295929,0.14747662395112798,2.1660656929016113
sred,0,sourcewise_quantile,mondrian_dis,low,381,0.968503937007874,0.6716225743293762,0.08985183930353342,0.5046155452728271
sred,0,sourcewise_quantile,mondrian_dis,mid,379,0.920844327176781,0.6423687934875488,0.09981675904634205,1.1019631624221802
sred,0,sourcewise_quantile,mondrian_dis,high,349,0.9283667621776505,1.0060795545578003,0.15056932153531785,2.1660656929016113
sred,0,sourcewise_quantile,weighted_dis,low,381,0.973753280839895,0.7047503590583801,0.09112310375270785,0.5046155452728271
sred,0,sourcewise_quantile,weighted_dis,mid,379,0.9577836411609498,0.7439448237419128,0.10250897565443025,1.1019631624221802
sred,0,sourcewise_quantile,weighted_dis,high,349,0.8653295128939829,0.8373759388923645,0.14680333033338366,2.1660656929016113
sred,0,sourcewise_quantile,difficulty_weighted,low,381,0.979002624671916,0.7397047877311707,0.09232375349953352,0.5046155452728271
sred,0,sourcewise_quantile,difficulty_weighted,mid,379,0.9604221635883905,0.7679183483123779,0.10312263648088271,1.1019631624221802
sred,0,sourcewise_quantile,difficulty_weighted,high,349,0.8767908309455588,0.9072602987289429,0.15108724564545842,2.1660656929016113
sred,0,sourcewise_quantile,binned_weighted_dis,low,381,0.973753280839895,0.7139987349510193,0.09154299619355849,0.5046155452728271
sred,0,sourcewise_quantile,binned_weighted_dis,mid,379,0.9604221635883905,0.758483350276947,0.10308995698982136,1.1019631624221802
sred,0,sourcewise_quantile,binned_weighted_dis,high,349,0.8710601719197708,0.8680732846260071,0.14791744711446597,2.1660656929016113
sred,1,xgb_point,marginal,low,393,0.9694656488549618,0.5274896621704102,0.0680281913294677,0.5386053323745728
sred,1,xgb_point,marginal,mid,357,0.9663865546218487,0.5274896621704102,0.06872388100967257,1.1622916460037231
sred,1,xgb_point,marginal,high,359,0.9108635097493036,0.5274896025657654,0.08726944714772207,2.2723543643951416
sred,1,xgb_point,mondrian_dis,low,393,0.9491094147582697,0.4523334503173828,0.06501157884503896,0.5386053323745728
sred,1,xgb_point,mondrian_dis,mid,357,0.9607843137254902,0.48236939311027527,0.0670437095542113,1.1622916460037231
sred,1,xgb_point,mondrian_dis,high,359,0.9637883008356546,0.7225627303123474,0.09364437050813398,2.2723543643951416
sred,1,xgb_point,weighted_dis,low,393,0.9516539440203562,0.4612565040588379,0.06531688733240612,0.5386053323745728
sred,1,xgb_point,weighted_dis,mid,357,0.9635854341736695,0.4977509379386902,0.06751475605993604,1.1622916460037231
sred,1,xgb_point,weighted_dis,high,359,0.935933147632312,0.6196293830871582,0.08935805308031496,2.2723543643951416
sred,1,xgb_point,difficulty_weighted,low,393,0.9618320610687023,0.5420681834220886,0.06868857071453277,0.5386053323745728
sred,1,xgb_point,difficulty_weighted,mid,357,0.9411764705882353,0.5505475997924805,0.07144854233831001,1.1622916460037231
sred,1,xgb_point,difficulty_weighted,high,359,0.9108635097493036,0.6163368225097656,0.0918286726411184,2.2723543643951416
sred,1,xgb_point,binned_weighted_dis,low,393,0.9541984732824428,0.47171688079833984,0.06571570892984,0.5386053323745728
sred,1,xgb_point,binned_weighted_dis,mid,357,0.9663865546218487,0.5273953080177307,0.06872006684170803,1.1622916460037231
sred,1,xgb_point,binned_weighted_dis,high,359,0.9387186629526463,0.5896462798118591,0.0888087123420919,2.2723543643951416
sred,1,xgb_quantile,marginal,low,393,0.9770992366412213,0.7713924050331116,0.09713634209235829,0.5386053323745728
sred,1,xgb_quantile,marginal,mid,357,0.9523809523809523,0.78509521484375,0.10447235781535505,1.1622916460037231
sred,1,xgb_quantile,marginal,high,359,0.8969359331476323,0.8681279420852661,0.1554703503347594,2.2723543643951416
sred,1,xgb_quantile,mondrian_dis,low,393,0.9541984732824428,0.6282802224159241,0.09177846748852851,0.5386053323745728
sred,1,xgb_quantile,mondrian_dis,mid,357,0.927170868347339,0.6274223327636719,0.09970048746363395,1.1622916460037231
sred,1,xgb_quantile,mondrian_dis,high,359,0.924791086350975,1.025381088256836,0.15826028991470822,2.2723543643951416
sred,1,xgb_quantile,weighted_dis,low,393,0.9567430025445293,0.655831515789032,0.09268342764989752,0.5386053323745728
sred,1,xgb_quantile,weighted_dis,mid,357,0.9411764705882353,0.7233077883720398,0.10224506055050082,1.1622916460037231
sred,1,xgb_quantile,weighted_dis,high,359,0.9025069637883009,0.9020562767982483,0.1543838672817481,2.2723543643951416
sred,1,xgb_quantile,difficulty_weighted,low,393,0.9618320610687023,0.9605041742324829,0.11543323486523789,0.5386053323745728
sred,1,xgb_quantile,difficulty_weighted,mid,357,0.9523809523809523,0.8602165579795837,0.11215515713038349,1.1622916460037231
sred,1,xgb_quantile,difficulty_weighted,high,359,0.8997214484679665,1.4128037691116333,0.1928385753318889,2.2723543643951416
sred,1,xgb_quantile,binned_weighted_dis,low,393,0.9567430025445293,0.6499496102333069,0.09244116554597291,0.5386053323745728
sred,1,xgb_quantile,binned_weighted_dis,mid,357,0.9411764705882353,0.7224550247192383,0.10225959189203215,1.1622916460037231
sred,1,xgb_quantile,binned_weighted_dis,high,359,0.9052924791086351,0.9495229125022888,0.15664158759188127,2.2723543643951416
sred,1,sourcewise_stack,marginal,low,393,0.9643765903307888,0.4884452819824219,0.06408929355053276,0.5386053323745728
sred,1,sourcewise_stack,marginal,mid,357,0.9551820728291317,0.4884452819824219,0.06952997668204416,1.1622916460037231
sred,1,sourcewise_stack,marginal,high,359,0.8969359331476323,0.4884452819824219,0.08495216719986234,2.2723543643951416
sred,1,sourcewise_stack,mondrian_dis,low,393,0.9338422391857506,0.4177875518798828,0.06166353372894499,0.5386053323745728
sred,1,sourcewise_stack,mondrian_dis,mid,357,0.907563025210084,0.4266977310180664,0.06791076573057264,1.1622916460037231
sred,1,sourcewise_stack,mondrian_dis,high,359,0.947075208913649,0.5958824157714844,0.08696559433286277,2.2723543643951416
sred,1,sourcewise_stack,weighted_dis,low,393,0.9541984732824428,0.4443648159503937,0.06246884000483182,0.5386053323745728
sred,1,sourcewise_stack,weighted_dis,mid,357,0.9355742296918768,0.46277502179145813,0.06872857881303147,1.1622916460037231
sred,1,sourcewise_stack,weighted_dis,high,359,0.9220055710306406,0.5296335816383362,0.08490969519021316,2.2723543643951416
sred,1,sourcewise_stack,difficulty_weighted,low,393,0.9363867684478372,0.4990452826023102,0.06560957336970902,0.5386053323745728
sred,1,sourcewise_stack,difficulty_weighted,mid,357,0.938375350140056,0.4814714193344116,0.06999763243185102,1.1622916460037231
sred,1,sourcewise_stack,difficulty_weighted,high,359,0.8997214484679665,0.5387760400772095,0.08645388535121216,2.2723543643951416
sred,1,sourcewise_stack,binned_weighted_dis,low,393,0.9592875318066157,0.46155545115470886,0.06306923984490005,0.5386053323745728
sred,1,sourcewise_stack,binned_weighted_dis,mid,357,0.9467787114845938,0.4840841293334961,0.06939420817567352,1.1622916460037231
sred,1,sourcewise_stack,binned_weighted_dis,high,359,0.8997214484679665,0.5077114105224609,0.08517459982514292,2.2723543643951416
sred,1,sourcewise_quantile,marginal,low,393,0.9770992366412213,0.787238597869873,0.09572135853045984,0.5386053323745728
sred,1,sourcewise_quantile,marginal,mid,357,0.9607843137254902,0.796206533908844,0.10422101432435263,1.1622916460037231
sred,1,sourcewise_quantile,marginal,high,359,0.8857938718662952,0.8465090990066528,0.14784930374917982,2.2723543643951416
sred,1,sourcewise_quantile,mondrian_dis,low,393,0.9567430025445293,0.6179690957069397,0.08906575676941604,0.5386053323745728
sred,1,sourcewise_quantile,mondrian_dis,mid,357,0.9215686274509803,0.6211538314819336,0.09899921631243878,1.1622916460037231
sred,1,sourcewise_quantile,mondrian_dis,high,359,0.9415041782729805,1.0337220430374146,0.15150945403757657,2.2723543643951416
sred,1,sourcewise_quantile,weighted_dis,low,393,0.9720101781170484,0.7139159440994263,0.09248869639721397,0.5386053323745728
sred,1,sourcewise_quantile,weighted_dis,mid,357,0.9551820728291317,0.7516481280326843,0.10255562545931894,1.1622916460037231
sred,1,sourcewise_quantile,weighted_dis,high,359,0.8941504178272981,0.8531511425971985,0.14697155278363194,2.2723543643951416
sred,1,sourcewise_quantile,difficulty_weighted,low,393,0.9745547073791349,0.7102368474006653,0.09219527404083326,0.5386053323745728
sred,1,sourcewise_quantile,difficulty_weighted,mid,357,0.9495798319327731,0.7372135519981384,0.10261817891016502,1.1622916460037231
sred,1,sourcewise_quantile,difficulty_weighted,high,359,0.8885793871866295,1.0790759325027466,0.16337251386168508,2.2723543643951416
sred,1,sourcewise_quantile,binned_weighted_dis,low,393,0.9694656488549618,0.711249828338623,0.09237161034191407,0.5386053323745728
sred,1,sourcewise_quantile,binned_weighted_dis,mid,357,0.9551820728291317,0.7523688077926636,0.1026048032783925,1.1622916460037231
sred,1,sourcewise_quantile,binned_weighted_dis,high,359,0.8941504178272981,0.8814240097999573,0.14828835567462428,2.2723543643951416
sred,2,xgb_point,marginal,low,403,0.9801488833746899,0.530735969543457,0.06578681911548254,0.5458958148956299
sred,2,xgb_point,marginal,mid,353,0.9660056657223796,0.530735969543457,0.07174336664825649,1.1813547611236572
sred,2,xgb_point,marginal,high,353,0.8951841359773371,0.530735969543457,0.09162077178734913,2.311225652694702
sred,2,xgb_point,mondrian_dis,low,403,0.9454094292803971,0.4103097915649414,0.06116406360005895,0.5458958148956299
sred,2,xgb_point,mondrian_dis,mid,353,0.9235127478753541,0.4568634033203125,0.06947904399268172,1.1813547611236572
sred,2,xgb_point,mondrian_dis,high,353,0.943342776203966,0.6956157684326172,0.09611378845765865,2.311225652694702
sred,2,xgb_point,weighted_dis,low,403,0.9578163771712159,0.4389708638191223,0.06202941341913709,0.5458958148956299
sred,2,xgb_point,weighted_dis,mid,353,0.9320113314447592,0.4749099314212799,0.06990129333571173,1.1813547611236572
sred,2,xgb_point,weighted_dis,high,353,0.9263456090651558,0.5944153070449829,0.09220805558333481,2.311225652694702
sred,2,xgb_point,difficulty_weighted,low,403,0.9702233250620348,0.49995753169059753,0.06479637132538613,0.5458958148956299
sred,2,xgb_point,difficulty_weighted,mid,353,0.9263456090651558,0.5175921320915222,0.07240724832663693,1.1813547611236572
sred,2,xgb_point,difficulty_weighted,high,353,0.8838526912181303,0.5546455979347229,0.09225268828054436,2.311225652694702
sred,2,xgb_point,binned_weighted_dis,low,403,0.967741935483871,0.45513150095939636,0.06260952739178595,0.5458958148956299
sred,2,xgb_point,binned_weighted_dis,mid,353,0.9518413597733711,0.5088529586791992,0.07098611027439472,1.1813547611236572
sred,2,xgb_point,binned_weighted_dis,high,353,0.9036827195467422,0.5689144134521484,0.09237131308647209,2.311225652694702
sred,2,xgb_quantile,marginal,low,403,0.9801488833746899,0.7971814870834351,0.09705971225823005,0.5458958148956299
sred,2,xgb_quantile,marginal,mid,353,0.9603399433427762,0.8128767609596252,0.10663604891238551,1.1813547611236572
sred,2,xgb_quantile,marginal,high,353,0.8781869688385269,0.8850454688072205,0.16339655263695824,2.311225652694702
sred,2,xgb_quantile,mondrian_dis,low,403,0.9404466501240695,0.5817254185676575,0.08922445727919288,0.5458958148956299
sred,2,xgb_quantile,mondrian_dis,mid,353,0.9206798866855525,0.6845664381980896,0.1024137621987132,1.1813547611236572
sred,2,xgb_quantile,mondrian_dis,high,353,0.9320113314447592,1.088732123374939,0.1666878404570853,2.311225652694702
sred,2,xgb_quantile,weighted_dis,low,403,0.9702233250620348,0.6659150719642639,0.091621001949955,0.5458958148956299
sred,2,xgb_quantile,weighted_dis,mid,353,0.9320113314447592,0.7381585836410522,0.10391814508997173,1.1813547611236572
sred,2,xgb_quantile,weighted_dis,high,353,0.8980169971671388,0.9110778570175171,0.16170367899338156,2.311225652694702
sred,2,xgb_quantile,difficulty_weighted,low,403,0.9702233250620348,0.7651862502098083,0.09653623619870054,0.5458958148956299
sred,2,xgb_quantile,difficulty_weighted,mid,353,0.9291784702549575,0.7945113778114319,0.1077780273658484,1.1813547611236572
sred,2,xgb_quantile,difficulty_weighted,high,353,0.9121813031161473,1.6026524305343628,0.20899646142002187,2.311225652694702
sred,2,xgb_quantile,binned_weighted_dis,low,403,0.967741935483871,0.6616071462631226,0.09147360791866055,0.5458958148956299
sred,2,xgb_quantile,binned_weighted_dis,mid,353,0.9320113314447592,0.741948127746582,0.10411266199931483,1.1813547611236572
sred,2,xgb_quantile,binned_weighted_dis,high,353,0.9093484419263456,0.9724655151367188,0.16434329104599496,2.311225652694702
sred,2,sourcewise_stack,marginal,low,403,0.9652605459057072,0.48525235056877136,0.06524038165897654,0.5458958148956299
sred,2,sourcewise_stack,marginal,mid,353,0.9461756373937678,0.48525241017341614,0.06846470025840844,1.1813547611236572
sred,2,sourcewise_stack,marginal,high,353,0.9065155807365439,0.48525241017341614,0.08065594376018959,2.311225652694702
sred,2,sourcewise_stack,mondrian_dis,low,403,0.9404466501240695,0.4008846580982208,0.06252696468893588,0.5458958148956299
sred,2,sourcewise_stack,mondrian_dis,mid,353,0.9235127478753541,0.4339580535888672,0.06702277724716818,1.1813547611236572
sred,2,sourcewise_stack,mondrian_dis,high,353,0.943342776203966,0.5752735137939453,0.08256720107685311,2.311225652694702
sred,2,sourcewise_stack,weighted_dis,low,403,0.9181141439205955,0.36548912525177,0.061811675651765735,0.5458958148956299
sred,2,sourcewise_stack,weighted_dis,mid,353,0.9235127478753541,0.42040514945983887,0.06663667516361743,1.1813547611236572
sred,2,sourcewise_stack,weighted_dis,high,353,0.9461756373937678,0.5842358469963074,0.08280749385598192,2.311225652694702
sred,2,sourcewise_stack,difficulty_weighted,low,403,0.9379652605459057,0.49013078212738037,0.06638962522338739,0.5458958148956299
sred,2,sourcewise_stack,difficulty_weighted,mid,353,0.9263456090651558,0.4972822070121765,0.06973665602488792,1.1813547611236572
sred,2,sourcewise_stack,difficulty_weighted,high,353,0.9065155807365439,0.5442638397216797,0.08300523684273482,2.311225652694702
sred,2,sourcewise_stack,binned_weighted_dis,low,403,0.9429280397022333,0.4112682342529297,0.06278684324702637,0.5458958148956299
sred,2,sourcewise_stack,binned_weighted_dis,mid,353,0.9348441926345609,0.4598112106323242,0.0676933016253279,1.1813547611236572
sred,2,sourcewise_stack,binned_weighted_dis,high,353,0.9150141643059491,0.5140848755836487,0.0811203955903817,2.311225652694702
sred,2,sourcewise_quantile,marginal,low,403,0.9801488833746899,0.7708022594451904,0.09382973117669467,0.5458958148956299
sred,2,sourcewise_quantile,marginal,mid,353,0.9518413597733711,0.7761780023574829,0.10423424914381958,1.1813547611236572
sred,2,sourcewise_quantile,marginal,high,353,0.8668555240793201,0.8179380297660828,0.15291215821166856,2.311225652694702
sred,2,sourcewise_quantile,mondrian_dis,low,403,0.9553349875930521,0.592795193195343,0.08692904070766558,0.5458958148956299
sred,2,sourcewise_quantile,mondrian_dis,mid,353,0.9348441926345609,0.681717574596405,0.10123285655652269,1.1813547611236572
sred,2,sourcewise_quantile,mondrian_dis,high,353,0.9348441926345609,1.0654946565628052,0.15682992045213,2.311225652694702
sred,2,sourcewise_quantile,weighted_dis,low,403,0.9727047146401985,0.720004677772522,0.09151918752152167,0.5458958148956299
sred,2,sourcewise_quantile,weighted_dis,mid,353,0.9490084985835694,0.7533842325210571,0.10339448163931086,1.1813547611236572
sred,2,sourcewise_quantile,weighted_dis,high,353,0.8810198300283286,0.8449394106864929,0.15208339371173638,2.311225652694702
sred,2,sourcewise_quantile,difficulty_weighted,low,403,0.9751861042183623,0.7161400318145752,0.09096748311554367,0.5458958148956299
sred,2,sourcewise_quantile,difficulty_weighted,mid,353,0.943342776203966,0.7187348008155823,0.10192866066033508,1.1813547611236572
sred,2,sourcewise_quantile,difficulty_weighted,high,353,0.8980169971671388,0.9920120239257812,0.1583288080619752,2.311225652694702
sred,2,sourcewise_quantile,binned_weighted_dis,low,403,0.9727047146401985,0.716144323348999,0.09135662136598967,0.5458958148956299
sred,2,sourcewise_quantile,binned_weighted_dis,mid,353,0.9518413597733711,0.7508026361465454,0.1033382337304988,1.1813547611236572
sred,2,sourcewise_quantile,binned_weighted_dis,high,353,0.8781869688385269,0.8642895221710205,0.15319248054676549,2.311225652694702
sred,3,xgb_point,marginal,low,397,0.9773299748110831,0.538966178894043,0.06678221099871126,0.539685845375061
sred,3,xgb_point,marginal,mid,391,0.948849104859335,0.538966178894043,0.07556411484587519,1.180498719215393
sred,3,xgb_point,marginal,high,321,0.9034267912772586,0.538966178894043,0.09039289548164633,2.299666404724121
sred,3,xgb_point,mondrian_dis,low,397,0.9395465994962217,0.43663692474365234,0.06284479799671751,0.539685845375061
sred,3,xgb_point,mondrian_dis,mid,391,0.9437340153452686,0.5124692916870117,0.0746455136130671,1.180498719215393
sred,3,xgb_point,mondrian_dis,high,321,0.9283489096573209,0.6381902694702148,0.09301476412527304,2.299666404724121
sred,3,xgb_point,weighted_dis,low,397,0.9370277078085643,0.43910637497901917,0.06292533613238945,0.539685845375061
sred,3,xgb_point,weighted_dis,mid,391,0.9437340153452686,0.505713164806366,0.07445300547698533,1.180498719215393
sred,3,xgb_point,weighted_dis,high,321,0.9532710280373832,0.6989911794662476,0.09403382386124945,2.299666404724121
sred,3,xgb_point,difficulty_weighted,low,397,0.9697732997481109,0.5552752017974854,0.06779263697614095,0.539685845375061
sred,3,xgb_point,difficulty_weighted,mid,391,0.9514066496163683,0.5617496371269226,0.07710829311201978,1.180498719215393
sred,3,xgb_point,difficulty_weighted,high,321,0.9003115264797508,0.6208668351173401,0.09350849327202874,2.299666404724121
sred,3,xgb_point,binned_weighted_dis,low,397,0.947103274559194,0.4702310562133789,0.0639746279912352,0.539685845375061
sred,3,xgb_point,binned_weighted_dis,mid,391,0.9462915601023018,0.5257339477539062,0.07509363264197409,1.180498719215393
sred,3,xgb_point,binned_weighted_dis,high,321,0.9190031152647975,0.5877885818481445,0.09153049780447678,2.299666404724121
sred,3,xgb_quantile,marginal,low,397,0.9874055415617129,0.7908564805984497,0.0942343507202405,0.539685845375061
sred,3,xgb_quantile,marginal,mid,391,0.969309462915601,0.8154114484786987,0.11354347219920118,1.180498719215393
sred,3,xgb_quantile,marginal,high,321,0.8753894080996885,0.9008116722106934,0.1570627112138642,2.299666404724121
sred,3,xgb_quantile,mondrian_dis,low,397,0.964735516372796,0.6307318210601807,0.08752828451495889,0.539685845375061
sred,3,xgb_quantile,mondrian_dis,mid,391,0.9335038363171355,0.7179144024848938,0.11067669769339394,1.180498719215393
sred,3,xgb_quantile,mondrian_dis,high,321,0.9221183800623053,1.0776734352111816,0.16065564048747333,2.299666404724121
sred,3,xgb_quantile,weighted_dis,low,397,0.9672544080604534,0.6602666974067688,0.08849920691900733,0.539685845375061
sred,3,xgb_quantile,weighted_dis,mid,391,0.9539641943734015,0.7672895193099976,0.11188120999739683,1.180498719215393
sred,3,xgb_quantile,weighted_dis,high,321,0.9190031152647975,1.0006698369979858,0.15612461823760268,2.299666404724121
sred,3,xgb_quantile,difficulty_weighted,low,397,0.9848866498740554,1.1354179382324219,0.12330394706426297,0.539685845375061
sred,3,xgb_quantile,difficulty_weighted,mid,391,0.9335038363171355,1.4068344831466675,0.16381812369329232,1.180498719215393
sred,3,xgb_quantile,difficulty_weighted,high,321,0.9314641744548287,2.4418630599975586,0.26681349162297047,2.299666404724121
sred,3,xgb_quantile,binned_weighted_dis,low,397,0.9672544080604534,0.6599323749542236,0.0885546775462149,0.539685845375061
sred,3,xgb_quantile,binned_weighted_dis,mid,391,0.948849104859335,0.7604382634162903,0.11179853066084425,1.180498719215393
sred,3,xgb_quantile,binned_weighted_dis,high,321,0.9065420560747663,0.9977412223815918,0.15873229467265518,2.299666404724121
sred,3,sourcewise_stack,marginal,low,397,0.9773299748110831,0.4918975830078125,0.06310917066672271,0.539685845375061
sred,3,sourcewise_stack,marginal,mid,391,0.9539641943734015,0.4918975830078125,0.06960968786119914,1.180498719215393
sred,3,sourcewise_stack,marginal,high,321,0.8909657320872274,0.4918975830078125,0.08464240774182402,2.299666404724121
sred,3,sourcewise_stack,mondrian_dis,low,397,0.9521410579345088,0.43195340037345886,0.060896996288009965,0.539685845375061
sred,3,sourcewise_stack,mondrian_dis,mid,391,0.9514066496163683,0.47646141052246094,0.06907970732177417,1.180498719215393
sred,3,sourcewise_stack,mondrian_dis,high,321,0.9501557632398754,0.6232376098632812,0.08740100826455112,2.299666404724121
sred,3,sourcewise_stack,weighted_dis,low,397,0.9571788413098237,0.44737473130226135,0.061402514481623476,0.539685845375061
sred,3,sourcewise_stack,weighted_dis,mid,391,0.948849104859335,0.46676644682884216,0.06876646617511137,1.180498719215393
sred,3,sourcewise_stack,weighted_dis,high,321,0.9221183800623053,0.5343466401100159,0.08486442154906447,2.299666404724121
sred,3,sourcewise_stack,difficulty_weighted,low,397,0.9571788413098237,0.5022578239440918,0.06443550839245307,0.539685845375061
sred,3,sourcewise_stack,difficulty_weighted,mid,391,0.9386189258312021,0.50872403383255,0.07101412259028107,1.180498719215393
sred,3,sourcewise_stack,difficulty_weighted,high,321,0.9190031152647975,0.5716561675071716,0.08567955543472636,2.299666404724121
sred,3,sourcewise_stack,binned_weighted_dis,low,397,0.9521410579345088,0.4377593994140625,0.061084395102623756,0.539685845375061
sred,3,sourcewise_stack,binned_weighted_dis,mid,391,0.9539641943734015,0.4894294738769531,0.06952249697101726,1.180498719215393
sred,3,sourcewise_stack,binned_weighted_dis,high,321,0.9376947040498442,0.5471992492675781,0.08545648074115728,2.299666404724121
sred,3,sourcewise_quantile,marginal,low,397,0.9798488664987406,0.7709440588951111,0.0918390716058884,0.539685845375061
sred,3,sourcewise_quantile,marginal,mid,391,0.9565217391304348,0.7842130661010742,0.10950386841010229,1.180498719215393
sred,3,sourcewise_quantile,marginal,high,321,0.8753894080996885,0.8366395831108093,0.1482977883775342,2.299666404724121
sred,3,sourcewise_quantile,mondrian_dis,low,397,0.9622166246851386,0.6164736151695251,0.08530936081845071,0.539685845375061
sred,3,sourcewise_quantile,mondrian_dis,mid,391,0.928388746803069,0.7094525694847107,0.10735208540862398,1.180498719215393
sred,3,sourcewise_quantile,mondrian_dis,high,321,0.9501557632398754,1.064302682876587,0.15270848925365618,2.299666404724121
sred,3,sourcewise_quantile,weighted_dis,low,397,0.9798488664987406,0.7127106785774231,0.0890960453979655,0.539685845375061
sred,3,sourcewise_quantile,weighted_dis,mid,391,0.9539641943734015,0.7674415111541748,0.10892626959323433,1.180498719215393
sred,3,sourcewise_quantile,weighted_dis,high,321,0.9065420560747663,0.8922851085662842,0.14751262010454516,2.299666404724121
sred,3,sourcewise_quantile,difficulty_weighted,low,397,0.982367758186398,0.7330448627471924,0.09018738472590071,0.539685845375061
sred,3,sourcewise_quantile,difficulty_weighted,mid,391,0.9309462915601023,0.7770758867263794,0.11191740842713584,1.180498719215393
sred,3,sourcewise_quantile,difficulty_weighted,high,321,0.9096573208722741,2.8039286136627197,0.29950399068045047,2.299666404724121
sred,3,sourcewise_quantile,binned_weighted_dis,low,397,0.9773299748110831,0.707670271396637,0.08888111672265891,0.539685845375061
sred,3,sourcewise_quantile,binned_weighted_dis,mid,391,0.9514066496163683,0.7642583250999451,0.10887110969043368,1.180498719215393
sred,3,sourcewise_quantile,binned_weighted_dis,high,321,0.9034267912772586,0.92279452085495,0.14943181058390823,2.299666404724121
sred,4,xgb_point,marginal,low,388,0.9871134020618557,0.52252197265625,0.06332308611755728,0.5170947909355164
sred,4,xgb_point,marginal,mid,400,0.9575,0.52252197265625,0.07521162507286056,1.1210143566131592
sred,4,xgb_point,marginal,high,321,0.8909657320872274,0.52252197265625,0.09217518286990022,2.1800687313079834
sred,4,xgb_point,mondrian_dis,low,388,0.9484536082474226,0.4200344383716583,0.05898872995192794,0.5170947909355164
sred,4,xgb_point,mondrian_dis,mid,400,0.9275,0.45218372344970703,0.0733828202412936,1.1210143566131592
sred,4,xgb_point,mondrian_dis,high,321,0.9439252336448598,0.7215852737426758,0.09764791021385476,2.1800687313079834
sred,4,xgb_point,weighted_dis,low,388,0.9587628865979382,0.4347154200077057,0.05946300197326278,0.5170947909355164
sred,4,xgb_point,weighted_dis,mid,400,0.94,0.48137545585632324,0.07411337808987144,1.1210143566131592
sred,4,xgb_point,weighted_dis,high,321,0.9439252336448598,0.6263588666915894,0.0936471874786243,2.1800687313079834
sred,4,xgb_point,difficulty_weighted,low,388,0.9742268041237113,0.5439795255661011,0.06517039025362079,0.5170947909355164
sred,4,xgb_point,difficulty_weighted,mid,400,0.9475,0.5858672857284546,0.0779006211720943,1.1210143566131592
sred,4,xgb_point,difficulty_weighted,high,321,0.9127725856697819,0.6222796440124512,0.09485657711436961,2.1800687313079834
sred,4,xgb_point,binned_weighted_dis,low,388,0.9484536082474226,0.4163418114185333,0.05886241162581456,0.5170947909355164
sred,4,xgb_point,binned_weighted_dis,mid,400,0.95,0.5099124908447266,0.07482200520678502,1.1210143566131592
sred,4,xgb_point,binned_weighted_dis,high,321,0.9345794392523364,0.6245126724243164,0.09435752743893695,2.1800687313079834
sred,4,xgb_quantile,marginal,low,388,0.979381443298969,0.7772141098976135,0.09617364836305752,0.5170947909355164
sred,4,xgb_quantile,marginal,mid,400,0.96,0.8053562641143799,0.11131592844800092,1.1210143566131592
sred,4,xgb_quantile,marginal,high,321,0.8598130841121495,0.8838918209075928,0.1657051113219413,2.1800687313079834
sred,4,xgb_quantile,mondrian_dis,low,388,0.9458762886597938,0.6011781692504883,0.08987388981917205,0.5170947909355164
sred,4,xgb_quantile,mondrian_dis,mid,400,0.95,0.7365772724151611,0.10907220953325247,1.1210143566131592
sred,4,xgb_quantile,mondrian_dis,high,321,0.9376947040498442,1.093916654586792,0.16857761979783634,2.1800687313079834
sred,4,xgb_quantile,weighted_dis,low,388,0.9639175257731959,0.6700993180274963,0.09182716806390943,0.5170947909355164
sred,4,xgb_quantile,weighted_dis,mid,400,0.9525,0.7660369277000427,0.10998400083446352,1.1210143566131592
sred,4,xgb_quantile,weighted_dis,high,321,0.9096573208722741,0.963470458984375,0.16446190406245645,2.1800687313079834
sred,4,xgb_quantile,difficulty_weighted,low,388,0.9742268041237113,0.9014895558357239,0.10714772615190307,0.5170947909355164
sred,4,xgb_quantile,difficulty_weighted,mid,400,0.965,1.128922939300537,0.13634162243145692,1.1210143566131592
sred,4,xgb_quantile,difficulty_weighted,high,321,0.9096573208722741,2.040785551071167,0.24277003902087763,2.1800687313079834
sred,4,xgb_quantile,binned_weighted_dis,low,388,0.9587628865979382,0.6586427688598633,0.09152274238846486,0.5170947909355164
sred,4,xgb_quantile,binned_weighted_dis,mid,400,0.955,0.754340410232544,0.10960414358239326,1.1210143566131592
sred,4,xgb_quantile,binned_weighted_dis,high,321,0.9003115264797508,0.9983537793159485,0.16678122260267286,2.1800687313079834
sred,4,sourcewise_stack,marginal,low,388,0.9664948453608248,0.4827737808227539,0.06025594084642506,0.5170947909355164
sred,4,sourcewise_stack,marginal,mid,400,0.9425,0.4827737808227539,0.07131183865708275,1.1210143566131592
sred,4,sourcewise_stack,marginal,high,321,0.8940809968847352,0.4827737808227539,0.0864898204790356,2.1800687313079834
sred,4,sourcewise_stack,mondrian_dis,low,388,0.9432989690721649,0.3903036117553711,0.05661798955950815,0.5170947909355164
sred,4,sourcewise_stack,mondrian_dis,mid,400,0.925,0.45325279235839844,0.07054845352199943,1.1210143566131592
sred,4,sourcewise_stack,mondrian_dis,high,321,0.940809968847352,0.5687742829322815,0.08753755619004769,2.1800687313079834
sred,4,sourcewise_stack,weighted_dis,low,388,0.9587628865979382,0.4129563271999359,0.057362337908448364,0.5170947909355164
sred,4,sourcewise_stack,weighted_dis,mid,400,0.925,0.44373100996017456,0.07038908821234022,1.1210143566131592
sred,4,sourcewise_stack,weighted_dis,high,321,0.9252336448598131,0.5449870824813843,0.0868564415172145,2.1800687313079834
sred,4,sourcewise_stack,difficulty_weighted,low,388,0.9458762886597938,0.4508880078792572,0.059442739841517885,0.5170947909355164
sred,4,sourcewise_stack,difficulty_weighted,mid,400,0.915,0.4837772846221924,0.07247255611853841,1.1210143566131592
sred,4,sourcewise_stack,difficulty_weighted,high,321,0.9158878504672897,0.5527263879776001,0.08723122646849409,2.1800687313079834
sred,4,sourcewise_stack,binned_weighted_dis,low,388,0.9561855670103093,0.4127978980541229,0.057374719599782235,0.5170947909355164
sred,4,sourcewise_stack,binned_weighted_dis,mid,400,0.9325,0.46152210235595703,0.07074658984738064,1.1210143566131592
sred,4,sourcewise_stack,binned_weighted_dis,high,321,0.9096573208722741,0.5159969329833984,0.08672365101000698,2.1800687313079834
sred,4,sourcewise_quantile,marginal,low,388,0.979381443298969,0.7462723851203918,0.09112789601561154,0.5170947909355164
sred,4,sourcewise_quantile,marginal,mid,400,0.9525,0.769989013671875,0.10506418513598902,1.1210143566131592
sred,4,sourcewise_quantile,marginal,high,321,0.8535825545171339,0.8098770380020142,0.15529338246054591,2.1800687313079834
sred,4,sourcewise_quantile,mondrian_dis,low,388,0.9407216494845361,0.5739891529083252,0.08478267035852538,0.5170947909355164
sred,4,sourcewise_quantile,mondrian_dis,mid,400,0.945,0.6956710815429688,0.10257333419072996,1.1210143566131592
sred,4,sourcewise_quantile,mondrian_dis,high,321,0.9127725856697819,1.008691430091858,0.15763125193715777,2.1800687313079834
sred,4,sourcewise_quantile,weighted_dis,low,388,0.9742268041237113,0.7001810073852539,0.08908335508984198,0.5170947909355164
sred,4,sourcewise_quantile,weighted_dis,mid,400,0.9525,0.7467111349105835,0.10422764051233681,1.1210143566131592
sred,4,sourcewise_quantile,weighted_dis,high,321,0.8785046728971962,0.8266088962554932,0.15454807325040204,2.1800687313079834
sred,4,sourcewise_quantile,difficulty_weighted,low,388,0.979381443298969,0.6994752883911133,0.08914141923960284,0.5170947909355164
sred,4,sourcewise_quantile,difficulty_weighted,mid,400,0.955,0.758192777633667,0.10548111757747253,1.1210143566131592
sred,4,sourcewise_quantile,difficulty_weighted,high,321,0.8691588785046729,1.3806296586990356,0.19668714301811835,2.1800687313079834
sred,4,sourcewise_quantile,binned_weighted_dis,low,388,0.9742268041237113,0.6954634189605713,0.08890693742495268,0.5170947909355164
sred,4,sourcewise_quantile,binned_weighted_dis,mid,400,0.9525,0.7406635284423828,0.10401425947385885,1.1210143566131592
sred,4,sourcewise_quantile,binned_weighted_dis,high,321,0.8722741433021807,0.8331734538078308,0.1553575983510867,2.1800687313079834
